ACTUALNAME,DESTINATIONLOOKUP
A KODURU,A KODURU
ADARSH NAGAR,OLD DAIRY FARM
ADARSH NAGAR,ADARSH NAGAR
ADDURU,ADDURU
ADIVIVARAM,ADIVIVARAM
AGANAMPUDI,AGANAMPUDI
AGANAMPUDI TOLLGATE,AGANAMPUDI
AGRAHARAM,AGRAHARAM
AJANAGIRI,AJANAGIRI
AJANAGIRI COLONY,AJANAGIRI
AKKAYYAPALEM,AKKAYYAPALEM
AKKAYYAPALEM HIGHWAY,AKKAYYAPALEM
AKKIREDDIPALEM,AKKIREDDIPALEM
ALLIPURAM,ALLIPURAM
AMAL COLLEGE JUNCTION,AMAL COLLEGE JUNCTION
AMANAM,AMANAM
AMBEDKAR COLONY,AMBEDKAR COLONY
AMBEDKAR NAGAR,AMBEDKAR NAGAR
AMERICAN HOSPITAL,AMERICAN HOSPITAL
AMG SCHOOL/ COLLEGE,AMG SCHOOL/ COLLEGE
AMRUTAPURAM,AMRUTAPURAM
ANAKAPALLE - RTC COMPLEX,ANAKAPALLE - RTC COMPLEX
ANAKAPALLE BYPASS ROAD,ANAKAPALLE BYPASS ROAD
ANAKAPALLE COURT (NEAR VIZIANAGARAM ROAD),ANAKAPALLE COURT (NEAR VIZIANAGARAM ROAD)
ANAKAPALLE FOUR ROAD JUNCTION,ANAKAPALLE FOUR ROAD JUNCTION
ANANDAPURAM,ANANDAPURAM
ANANDAPURAM JUNCTION,ANANDAPURAM
ANANTAPURAM (NEAR DEVARAPALLI),ANANTAPURAM (NEAR DEVARAPALLI)
ANANTHAVARAM,ANANTHAVARAM
ANANTHAVARAM CENTRE,ANANTHAVARAM 
ANDHRA UNIVERSITY IN GATE,ANDHRA UNIVERSITY
ANDHRA UNIVERSITY IN GATE,ANDHRA UNIVERSITY IN GATE
ANDHRA UNIVERSITY OUT GATE,ANDHRA UNIVERSITY
ANDHRA UNIVERSITY OUT GATE,ANDHRA UNIVERSITY OUT GATE
ANDHRA UNIVERSITY REGISTER OFFICE,ANDHRA UNIVERSITY
ANDHRA UNIVERSITY REGISTER OFFICE,ANDHRA UNIVERSITY REGISTER OFFICE
ANITS COLLEGE,ANITS COLLEGE
ANJALI MURTHY NAGAR 3RD LINE,ANJALI MURTHY NAGAR 3RD LINE
ANKAJOSYULAPALEM,ANKAJOSYULAPALEM
ANTHAKAPALLI,ANTHAKAPALLI
APHB COLONY MAIN,APHB COLONY MAIN
APPANNAPALEM (KRISHNAMPALEM),APPANNAPALEM (KRISHNAMPALEM)
APPANNAPALEM (NEAR GOSTHANI RIVER),APPANNAPALEM (NEAR GOSTHANI RIVER)
APPANNAPALEM (SIMHAPURI COLONY),APPANNAPALEM (SIMHAPURI COLONY)
APPIKONDA,APPIKONDA
APPUGHAR,APPUGHAR
APPUGHAR(MVP MAINROAD JUNCTION),APPUGHAR
AQJ COLLEGE,AQJ COLLEGE
ARDHANNAPALEM,ARDHANNAPALEM
ARILOVA,ARILOVA
ARILOVA COLONY,ARILOVA
ARIPAKA,ARIPAKA
ARLI,ARLI
ARLI JUNCTION,ARLI
ARTS COLLEGE,ARTS COLLEGE
ARUKU - RTC COMPLEX,ARUKU - RTC COMPLEX
ARUNA ZUTE MILLS,ARUNA ZUTE MILLS
ASAKAPALLI,ASAKAPALLI
ASHOK NAGAR,VAMBAY COLONY (NEAR GAJUWAKA)
ASHOK NAGAR,ASHOK NAGAR
ASILMETTA JUNCTION,SAMPATH VINAYAKA TEMPLE
ASILMETTA JUNCTION,ASILMETTA JUNCTION
ASILMETTA JUNCTION,VIZAG - RTC COMPLEX
AUTO NAGAR,AUTO NAGAR
AVANTHI ENGINEERING COLLEGE,AVANTHI ENGINEERING COLLEGE
AYYANNAPALEM,AYYANNAPALEM
BABA BAZAR (LAWSONS BAY COLONY),BABA BAZAR (LAWSONS BAY COLONY)
BAJI JUNCTION,BAJI JUNCTION
BAKKANNAPALEM,BAKKANNAPALEM
BALAGANAPATHI TEMPLE,BALAGANAPATHI TEMPLE
BALAJI NAGAR,BALAJI NAGAR
BALAKRISHNA,BALAKRISHNA
BEHARA POLYTECHNICAL COLLEGE (NARAVA),BEHARA POLYTECHNICAL COLLEGE (NARAVA)
BENNAVARAM,BENNAVARAM
BHEEMUNIPATNAM Y JUNCTION (CROSS ROADS),BHEEMUNIPATNAM Y JUNCTION (CROSS ROADS)
BHEEMUNIPATNAM Y JUNCTION (CROSS ROADS),BHIMILI Y JUNCTION (CROSS ROADS)
BHIMILI (DHORA THOTA),DHORA THOTA
BHIMILI (DHORA THOTA),BHIMILI
BHIMILI (DHORA THOTA),BHEEMILI
BHIMILI POLICE STATION,BHIMILI POLICE STATION
BHIMILI POLICE STATION,BHEEMILI POLICE STATION
BHIMILI RTC COMPLEX (OLD BUS STAND),BHIMILI RTC COMPLEX (OLD BUS STAND)
BHOGAPURAM,BHOGAPURAM
BHPV,BHPV
BIRLA,BIRLA
BODDAPALEM,BODDAPALEM
BODDAVALASA,BODDAVALASA
BORAVANIPALEM,BORAVANIPALEM
BOYAPALEM,BOYAPALEM
BOYAPALEM,PYDAH COLLEGE
BRTS,BRTS
BUCHIRAJUPALEM,BUCHIRAJUPALEM
BULLAYYA COLLEGE (TOWARDS RAMA TALKIES),BULLAYYA COLLEGE
BULLAYYA COLLEGE (TOWARDS SATYAM COMPUTERS),BULLAYYA COLLEGE
BURMANGUDA,BURMANGUDA
BUTCHIYYAPETA,BUTCHIYYAPETA
BVK COLLEGE,BVK COLLEGE
BYPUREDDYPALEM,BYPUREDDYPALEM
CARSHED,CARSHED
CENTURY CLUB,CENTURY CLUB
CHAITANYA SCHOOL (PEDHAGANTYADA),CHAITANYA SCHOOL (PEDHAGANTYADA)
CHANDANA BROS,JAGADAMBA
CHANDANA BROS,CHANDANA BROS
CHANDRAMPALEM ZP HIGH SCHOOL,MADHURWADA
CHANDRAMPALEM ZP HIGH SCHOOL,CHANDRAMPALEM ZP HIGH SCHOOL
CHANDRAYYAPETA,CHANDRAYYAPETA
CHAVULAMADAM,CONVENT JUNCTION
CHAVULAMADAM,CHAVULAMADAM
CHEEMALA PALLI,CHIMALA PALLI
CHEEMALA PALLI,CHEEMALA PALLI
CHINAGADILI,CHINAGADILI
CHINAGUDIPALA,CHINAGUDIPALA
CHINAPPANNAPALEM,CHINAPPANNAPALEM
CHINAYATHAPALEM,CHINAYATHAPALEM
CHINNA GANTYADA,CHINNA GANTYADA
CHINNA RUSHIKONDA,CHINNA RUSHIKONDA
CHINNA WALTAIR,CHINNA WALTAIR
CHINNAMUSHUDIWADA,SAVITRI NAGAR
CHINNAMUSHUDIWADA,CHINNAMUSHUDIWADA
CHINNAPALEM,CHINNAPALEM
CHINNAPURAM JUNCTION,CHINNAPURAM JUNCTION
CHINNARAOPALLI,CHINNARAOPALLI
CHINNAYYAPALEM,PATAROAD
CHINNAYYAPALEM,CHINNAYYAPALEM
CHINTAGATLA,CHINTAGATLA
CHINTALA AGRAHARAM,CHINTALA AGRAHARAM
CHINTALADIMMA,CHINTALADIMMA
CHINTALAGRAHARAM (NEAR VEPAGUNTA),CHINTALAGRAHARAM (NEAR VEPAGUNTA)
CHINTHALAPALEM,CHINTHALAPALEM
CHODAVARAM,CHODAVARAM
CHODAVARAM (OLD BUS STAND),CHODAVARAM
CHOULTRY,CHOULTRY
CISF CHILDREN PARK,CISF CHILDREN PARK
CMR CENTRAL,JUDGE COURT
CMR CENTRAL,CMR CENTRAL
COLLECTOR OFFICE,COLLECTOR OFFICE
CONVENT JUNCTION,CONVENT JUNCTION
CONVENT JUNCTION,CHAVULAMADAM
COROMANDAL GATE,COROMANDAL GATE
CWC,CWC
D YELLAVARAMJUNCTION,D YELLAVARAMJUNCTION
DABA GARDENS,DABA GARDENS
DASARIVANIPALEM,DASARIVANIPALEM
DAYAL NAGAR,DAYAL NAGAR
DESA PATHRUNIPALEM (NEAR STEEL PLANT),DESA PATHRUNIPALEM (NEAR STEEL PLANT)
DESA PATRUNIPALEM (NEAR KOTHAVALASA),DESA PATRUNIPALEM (NEAR KOTHAVALASA)
DEVADA,DEVADA
DEVADA (DEVARAPALLE ROAD),DEVADA
DEVARAPALLE,DEVARAPALLE
DEVIPURAM,DEVIPURAM
DEVIPURAM HIGHWAY,DEVIPURAM
DHANUNJAYA NEAR SWARNA BHARATHI INDOOR STADIUM,SWARNA BHARATHI INDOOR STADIUM
DHANUNJAYA NEAR SWARNA BHARATHI INDOOR STADIUM,DHANUNJAYA NEAR SWARNA BHARATHI INDOOR STADIUM
DHAYALA NAGAR (104 AREA),DHAYALA NAGAR (104 AREA)
DHORA THOTA,DHORA THOTA
DHORA THOTA (NEAR BHEEMILI),DHORA THOTA
DIBBAPALEM R.H COLONY,DIBBAPALEM R.H COLONY
DISTRICT JUDGE COURT,JUDGE COURT
DISTRICT JUDGE COURT,DISTRICT JUDGE COURT
DIVIS,DIVIS
DOCKYARD,DOCKYARD
DOLPHIN OFFICE,DOLPHIN OFFICE
DONDAPARTHY,DONDAPARTHY
DONDAPARTHY (RAILWAY NEW COLONY ROAD),DONDAPARTHY
DONDAPUDI,DONDAPUDI
DOSURU,DOSURU
DRGADA,DRGADA
DUDDUPALEM JUNCTION,DUDDUPALEM JUNCTION
DUKKAVANIPALEM,DUKKAVANIPALEM
DURGA BAZAR,DURGA BAZAR
DURGA TEMPLE,DURGA TEMPLE
DUVVADA BRIDGE,FAKEERTAKIYA
DUVVADA BRIDGE,DUVVADA BRIDGE
DUVVADA RAILWAY STATION,DUVVADA RAILWAY STATION
EAST POINT COLONY,GIRIJAN CORPORATION
EAST POINT COLONY,EAST POINT COLONY
EENADU,EENADU
EENADU (TOWARDS SATYAM JUNCTION),EENADU
EMP X ROADS (LANKELAPALEM JUNCTION),LANKELAPALEM
EMP X ROADS (LANKELAPALEM JUNCTION),EMP X ROADS (LANKELAPALEM JUNCTION)
ENDADA,ENDADA
ENDADA (BEACH RD),ENDADA
ENDADA PETROL BUNK,ENDADA
ENDAMILLI,ENDAMILLI
ERUKUNAIDUPALEM,ERUKUNAIDUPALEM
ESSAR,ESSAR
EX-SERVICE MEN COLONY,EX-SERVICE MEN COLONY
EYE CARE OPTICALS,EYE CARE OPTICALS
FAKEERTAKIYA,DUVVADA BRIDGE
FAKEERTAKIYA,FAKEERTAKIYA
FIFTH TOWN POLICE STATION,SATYANAGAR
FIFTH TOWN POLICE STATION,FIFTH TOWN POLICE STATION
FISHING HARBOUR,FISHING HARBOUR
FOUR ROAD JUNCTION,FOUR ROAD JUNCTION
FOURTH TOWN POLICE STATION,FOURTH TOWN POLICE STATION
GAJUWAKA BUS DEPOT,GAJUWAKA BUS DEPOT
GALI BHEEMAVARAM,GALI BHEEMAVARAM
GANDHINAGARAM,GANDHINAGARAM
GANDIGUNDAM,GANDIGUNDAM
GANDIPALEM,GANDIPALEM
GANGADEVIPATE,GANGADEVIPATE
GANGAVARAM COLONY,GANGAVARAM
GANGAVARAM JUNCTION,GANGAVARAM
GARAVA JAGGAYYAPALEM,GARAVA JAGGAYYAPALEM
GAS COMPANY (ANAKAPALLE RD),GAS COMPANY (ANAKAPALLE RD)
GAS COMPANY (GAS AUTHORITY OF INDIA),GAS COMPANY (GAS AUTHORITY OF INDIA)
GAVARA ANAKAPALLE,GAVARA ANAKAPALLE
GEDDAPETA JUNCTION,GEDDAPETA JUNCTION
GHAT ROAD (MADUGULA),GHAT ROAD (MADUGULA)
GIDIJALA,GIDIJALA
GIDIJALA CENTER,GIDIJALA
GIRIBABU BYPUREDDY,GIRIBABU BYPUREDDY
GITAM,GITAM
GITAM UNIVERSITY (ENTRANCE),GITAM
GNANAPURAM,GNANAPURAM
GNANAPURAM (NEAR WALTAIR RAILWAY STATION),GNANAPURAM
GOKIVADA,GOKIVADA
GOKIVADA JUNCTION BUS STATION,GOKIVADA
GOLDEN LAYOUT (SARIPALLI),GOLDEN LAYOUT (SARIPALLI)
GOLLALAPALEM BUS STATION,GOLLALAPALEM BUS STATION
GOLLAPALEM,GOLLAPALEM
GOPALAPATNAM,GOPALAPATNAM
GORLEVANIPALEM,GORLEVANIPALEM
GOTIVADA,GOTIVADA
GOTIVADA (NEAR NAKKAVANIPALEM),GOTIVADA (NEAR NAKKAVANIPALEM)
GOVADA,GOVADA
GOVERNER BUNGALOW,GOVERNER BUNGALOW
GOVINDAPALEM,GOVINDAPALEM
GOWRI NAGAR JUNCTION,GOWRI NAGAR JUNCTION
GOWRIPATHAM,GOWRIPATHAM
GREEN CITY,GREEN CITY
GREEN PARK,GREEN PARK
GUDILOVA,GUDILOVA
GUDILOVA HOSTEL,GUDILOVA
GULLEPALLE,GULLEPALLE
GULLEPALLE JUNCTION,GULLEPALLE
GUNTASEEMA BUS STATION,GUNTASEEMA BUS STATION
GURRAMPALEM,GURRAMPALEM
GURUDWARA,GURUDWARA
GVMC,VIZAG - RTC COMPLEX
GVMC,GVMC
HANUMANTHAWAKA,HANUMANTHAWAKA
HANUMANTHAWAKA (NEAR MARKET YARD),HANUMANTHAWAKA
HARIPALEM,HARIPALEM
HB COLONY LAST,HB COLONY LAST
HCC COMPANY,HCC COMPANY
HOUSING BOARD (PM PALEM),POTHINAMALLAYYAPALEM (PM PALEM)
HOUSING BOARD (PM PALEM),HOUSING BOARD (PM PALEM)
INS CIRCARS,INS CIRCARS
INS KALINGA,INS KALINGA
INS SATAVAHANA,INS SATAVAHANA
IPPILAVANIPALEM,IPPILAVANIPALEM
IRUVADA,IRUVADA
ISLAMPETA,ISLAMPETA
ISUKATHOTA,ISUKATHOTA
IT PARK,IT PARK
ITI JUNCTION,INDUSTRIAL ESTATE
ITI JUNCTION,ITI JUNCTION
J K LAYOUT,J K LAYOUT
JAGADAMBA,JAGADAMBA
JAIL ROAD,JAIL ROAD
JAIL ROAD JUNCTION,JAIL ROAD
JAJULAVANIPALEM,JAJULAVANIPALEM
JAMMI DEVARA PETA,NALLABILLI
JAMMI DEVARA PETA,JAMMI DEVARA PETA
JANATHA COLONY,JANATHA COLONY
JANGALA PALEM,JANGALA PALEM
JANGALAPALEM NEAR GOTIVADA,JANGALAPALEM NEAR GOTIVADA
JANGALAPALLI,JANGALAPALLI
JEERUPETA RAYAPALEM POST,JEERUPETA RAYAPALEM POST
JERRIPOTHULAPALEM,JERRIPOTHULAPALEM
JODUGULLA PALEM,JODUGULLA PALEM
JONNADA,JONNADA
JUDGE COURT,JUDGE COURT
K CHANDRAYYAPETA,K CHANDRAYYAPETA
K KOTAPADU,K KOTAPADU
K SANTAPALEM,K SANTAPALEM
KAILASAGIRI,KAILASAGIRI
KAILASAGIRI ROPE WAY,KAILASAGIRI
KAILASAGIRI ROPE WAY,KAILASAGIRI ROPE WAY
KAILASPURAM,KAILASPURAM
KAKANI NAGAR (TOWARDS AIRPORT),KAKANI NAGAR
KAKANI NAGAR (TOWARDS NAD),KAKANI NAGAR
KAKARLOVA,KAKARLOVA
KAKATIYA ITI JUNCTION,KAKATIYA ITI JUNCTION
KALAPAKA,KALAPAKA
KALAPAKA JUNCTION,KALAPAKA
KALINGANAGAR,KALINGANAGAR
KANCHARAPALEM,KANCHARAPALEM
KANCHARAPALEM (MUTHYAMAMBA TEMPLE),KANCHARAPALEM 
KANTAKAPALLI,KANTAKAPALLI
KANTAKAPALLI RAILWAY STATION ROAD,KANTAKAPALLI
KARASA,KARASA
KARNAVANI PALEM BUSTOP 1,KARNAVANI PALEM
KARNAVANI PALEM BUSTOP 2,KARNAVANI PALEM
KASIMKOTA,KASIMKOTA
KASIPURAM,KASIPURAM
KATA,KATA
KG PENTA1,KG PENTA
KG PENTA2,KG PENTA
KGH,KGH
KGH OUT-PATIENT GATE,KGH OUT-PATIENT GATE
KHANDIVARAM VILLAGE,KHANDIVARAM VILLAGE
KOKKIRA PALLI,KOKKIRA PALLI
KOLLIVANIPALEM,KOLLIVANIPALEM
KOMMADI JUNCTION,KOMMADI JUNCTION
KOMMADI VILLAGE,KOMMADI VILLAGE
KONDAKARLA JUNCTION,KONDAKARLA JUNCTION
KONNURU,KONNURU
KOPPAKA,KOPPAKA
KORADA,KORADA
KORUVADA,KORUVADA
KOTA (PEDA NARAVA),KOTA (PEDA NARAVA)
KOTA NARAVA,KOTA NARAVA
KOTAVURATLA,KOTAVURATLA
KOTHA KOVVADA ROAD,KOTHA KOVVADA ROAD
KOTHAKOTA,KOTHAKOTA
KOTHAPATNAM,KOTHAPATNAM
KOTHAVALASA,KOTHAVALASA
KOTHAVALASA JUNCTION,KOTHAVALASA JUNCTION
KOTHAVALASA RAILWAY STATION,KOTHAVALASA RAILWAY STATION
KOTHURU ANAKAPALLE,KOTHURU ANAKAPALLE
KOTHURU JUNCTION,KOTHURU JUNCTION
KOTTA NAGAVARAM,KOTTA NAGAVARAM
KOTTHA YELLAVARAM,KOTTHA YELLAVARAM
KOTTURU,KOTTURU
KOVVADA,KOVVADA
KOYYALAPADU JUNCTION,KOYYALAPADU JUNCTION
KRANTHI NAGAR,KRANTHI NAGAR
KRISHNA COLLEGE ROAD,KRISHNA COLLEGE ROAD
KRISHNA NAGAR BHIMILI,KRISHNA NAGAR BHIMILI
KRISHNA PURAM,KRISHNA PURAM
KRISHNAMPURAM,KRISHNAMPURAM
KRISHNARAYA PURAM,KRISHNARAYA PURAM
KUMMAPALLE,KUMMAPALLE
KURMANNAPALEM - RTC COMPLEX,KURMANNAPALEM
KURMANNAPALEM BUS STATION,PURNA THEATRE (KURMANNAPALEM)
KURMANNAPALEM BUS STATION,KURMANNAPALEM
KURPAM MARKET,KURPAM MARKET
KURUPAM CIRCLE,KURUPAM CIRCLE
KURUVADA,KURUVADA
KURUVADA,KORUVADA
LAGISETTIPALEM,LAGISETTIPALEM
LAKSHMI TALKIES,LAKSHMI TALKIES
LAKSHMIPURAM VILLAGE,LAKSHMIPURAM VILLAGE
LANKAVANI PALEM,LANKAVANI PALEM
LANKELAPALEM (NORTH TOWARDS KANNURU),LANKELAPALEM
LANKELAPALEM (SOUTH TOWARDS PARAWADA),LANKELAPALEM
LAW COLLEGE,LAW COLLEGE
LAWSONS BAY,LAWSONS BAY
LAWSONS BAY (TOWARDS VUDA PARK),VASAVANIPALEM
LAWSONS BAY (TOWARDS VUDA PARK),LAWSONS BAY (TOWARDS VUDA PARK)
LAWSONS BAY (TOWARDS VUDA PARK),LAWSONS BAY
LEELA KRISHNA TOYOTA,LEELA KRISHNA TOYOTA
LEMARTHI,LEMARTHI
LENDI COLLEGE,LENDI COLLEGE
LEPAKSHI,LEPAKSHI
LEPAKSHI,JAGADAMBA 
LINGALA TIRUGUDU,LINGALA TIRUGUDU
LIONS CLUB (RAMNAGAR),RAMNAGAR
LIONS CLUB (RAMNAGAR),LIONS CLUB (RAMNAGAR)
LOPUDI,LOPUDI
MADDI,MADDI
MADDI ROAD,MADDI ROAD
MADDILAPALEM (SAI RAM HOTEL),MADDILAPALEM DEPOT
MADDILAPALEM DEPOT,MADDILAPALEM DEPOT
MADHAVADHARA,MADHAVADHARA
MADHAVADHARA (NEAR SREE KANAKA DURGA FUNCTION HALL),MADHAVADHARA
MADHURAWADA DEPOT,MADHURWADA
MADHURAWADA DEPOT,MADHURAWADA DEPOT
MADHURWADA,MADHURWADA
MADHURWADA JUNCTION,MADHURWADA
MADHURWADA JUNCTION,MADHURWADA JUNCTION
MADHUSUDANA NAGAR,MADHUSUDANA NAGAR
MADUGULA,MADUGULA
MAHARAJUPETA JUNCTION,MAHARAJUPETA JUNCTION
MAHARANI PETA,MAHARANI PETA
MAHATI ENGLISH MEDIUM SCHOOL BUS STOP,PAVANI MEDICALS
MAHATI ENGLISH MEDIUM SCHOOL BUS STOP,MAHATI ENGLISH MEDIUM SCHOOL BUS STOP
MAJJIVALASA,MAJJIVALASA
MALAPALLI JUNCTION,MALAPALLI JUNCTION
MALKAPURAM,MALKAPURAM
MALLINAIDU PALEM,MALLINAIDU PALEM
MAMIDILOVA,SONTYAM
MAMIDILOVA,MAMIDILOVA
MANCHALA VILLAGE,MANCHALA VILLAGE
MANGALAPALEM,MANGALAPALEM
MANGALAPALEM HIGHWAY,MANGALAPALEM
MANGAMARI PETA,MANGAMARI PETA
MARIKAVALASA,MARIKAVALASA
MARIKAVALASA HIGHWAY,MARIKAVALASA
MARRIPALEM (104 AREA),MARRIPALEM (104 AREA)
MARRIPALEM (GALI BHEEMAVARAM),MARRIPALEM (GALI BHEEMAVARAM)
MARRIPALEM (NEAR POTHALA CHERUVU),MARRIPALEM (NEAR POTHALA CHERUVU)
MASJID,MASJID
MEDIVADA VILLAGE,MEDIVADA VILLAGE
MENTAL HOSPITAL,MENTAL HOSPITAL
METTAPALEM,METTAPALEM
MINDI,MINDI
MINDIVANI PALEM,MINDIVANI PALEM
MISSIONARY SCHOOL (KOMMADI),MISSIONARY SCHOOL (KOMMADI)
MITHILAPURI VUDA COLONY,MITHILAPURI VUDA COLONY
MMTC,HB COLONY POST OFFICE
MMTC,MMTC
MODHAVALASA,MODHAVALASA
MOGALIPURAM,MOGALIPURAM
MOOLAPETA,MOOLAPETA
MOPADA,MOPADA
MUDASARLOVA,MUDASARLOVA
MULAGAPUDI,MULAGAPUDI
MUNAGAPAAKA,MUNAGAPAAKA
MUNICIPAL STADIUM (PATA BUS STAND),MUNICIPAL STADIUM (PATA BUS STAND)
MURALINAGAR (BURMA COLONY),MURALINAGAR (BURMA COLONY)
MURALINAGAR (NEHRU NAGAR),MURALINAGAR (NEHRU NAGAR)
MUSIRAM,MUSIRAM
MUTCHERLA,MUTCHERLA
MVP BUS DEPOT (RYTHU BAZAAR),MVP BUS DEPOT
MVP CIRCLE,MVP CIRCLE
MVP COLONY (VIJAYA HOSPITALS),MVP COLONY (VIJAYA HOSPITALS)
MVP COLONY BUS DEPOT (MUVVALAVANIPALEM (DEPOT)),MVP BUS DEPOT
MVP GOTHISONS,MVP GOTHISONS
NAAMAVARAM,NAAMAVARAM
NAD,NAD
NADUPURU,NADUPURU
NADUPURU DAIRY COLONY,NADUPURU
NAGARAPALEM,NAGARAPALEM
NAIDU THOTA,NAIDU THOTA
NAIDU THOTA JUNCTION,NAIDU THOTA JUNCTION
NAIDUPALEM,NAIDUPALEM
NAKKAPALLI BUS STATION,NAKKAPALLI BUS STATION
NALLABILLI,JAMMI DEVARA PETA
NALLABILLI,NALLABILLI
NAMMIDODDI JUNCTION,NAMMIDODDI JUNCTION
NARAPADU,NARAPADU
NARAPAM (DEVADA RD),NARAPAM (DEVADA RD)
NARAYANAPURAM,NARAYANAPURAM
NARSIPATNAM - RTC COMPLEX,NARSIPATNAM - RTC COMPLEX
NARSIPATNAM BUS DEPOT,NARSIPATNAM - RTC COMPLEX
NATHAYYAPALEM,NATHAYYAPALEM
NATHAYYAPALEM HIGHWAY,NATHAYYAPALEM
NAUSANA BAUGH ENTRANCE,NAUSENA BAUGH
NAUSENA BAUGH,NAUSENA BAUGH
NDV,DOCKYARD
NDV,NDV
NEELAKANTARAJAPURAM,NEELAKANTARAJAPURAM
NEELAKUNDEELU,NEELAKUNDEELU
NEW GAJUWAKA,NEW GAJUWAKA
NEW GAJUWAKA MARKET,NEW GAJUWAKA
NEW GAJUWAKA THEATRES,NEW GAJUWAKA
NGGO COLONY,NGGO COLONY
NOOKALAMMA TEMPLE,NOOKALAMMA TEMPLE
NOOKALAMMA TEMPLE,NOOKALAMMA TEMPLE  (RYTHU BAZAAR)
NTPC DEEPANJALINAGAR,NTPC DEEPANJALINAGAR
NTPC VISAKHAPATNAM,NTPC VISAKHAPATNAM
NUNAPARTI,NUNAPARTI
OLD BUS STAND (NARSIPATNAM),OLD BUS STAND (NARSIPATNAM)
OLD BUS STAND (VENKANNAPALEM),VENKANNAPALEM
OLD BUS STAND (VENKANNAPALEM),OLD BUS STAND (VENKANNAPALEM)
OLD BYPUREDDYPALEM,OLD BYPUREDDYPALEM
OLD CBI,OLD CBI
OLD DAIRY FARM,OLD DAIRY FARM
OLD DAIRY FARM,ADARSH NAGAR
OLD GAJUWAKA,OLD GAJUWAKA
OLD GAJUWAKA MAINROAD,OLD GAJUWAKA
OLD HEAD POST OFFICE (OHPO),OLD HEAD POST OFFICE (OHPO)
ONE TOWN,ONE TOWN
ONE TOWN (TOWARDS OHPO),ONE TOWN
PADERU - RTC COMPLEX,PADERU - RTC COMPLEX
PADMANABHAM,PADMANABHAM
PALAVALASA,PALAVALASA
PANCHADARLA,PANCHADARLA
PANDRANGI,PANDRANGI
PANTHULUGARI MEDA,PANTHULUGARI MEDA
PARADESIPALEM,PARADESIPALEM
PARAWADA,PARAWADA
PARAWADA CINEMA HALL,PARAWADA CINEMA HALL
PARAWADA MRO OFFICE,PARAWADA MRO OFFICE
PARAWADA SUB STATION,PARAWADA SUB STATION
PATHA KOVVADA,PATHA KOVVADA
PAVANI MEDICALS,PAVANI MEDICALS
PEDA NARAVA,PEDA NARAVA
PEDABAYALU,PEDABAYALU
PEDAGADHILI,PEDAGADHILI
PEDAGANTYADA,PEDAGANTYADA
PEDAMUSIDIVADA,PEDAMUSIDIVADA
PEDAMUSIDIVADA HIGHWAY,PEDAMUSIDIVADA
PEDARAOPALLI,PEDARAOPALLI
PEDDA RUSHIKONDA,PEDDA RUSHIKONDA
PEDDA WALTAIR,PEDDA WALTAIR
PEDDA WALTAIR (TOWARDS MENTAL HOSPITAL),PEDDA WALTAIR
PEDDAPALEM,PEDDAPALEM
PEDDIPALEM,PEDDIPALEM
PENDURTHI,PENDURTHI
PENDURTHI (NARSIPATNAM ROAD),PENDURTHI (NARSIPATNAM ROAD)
PENDURTHI GENERAL HOSPITAL,PENDURTHI GENERAL HOSPITAL
PENDURTHI GOVT. JUNIOR COLLEGE,PENDURTHI GOVT. JUNIOR COLLEGE
PENDURTHI MAIN JUNCTION,PENDURTHI MAIN JUNCTION
PF OFFICE,PF OFFICE
PINAGADI JUNCTION,RAMPURAM ROAD
PINAGADI JUNCTION,PINAGADI JUNCTION
PINE APPLE COLONY,PINE APPLE COLONY
PITTAVANIPALEM,PITTAVANIPALEM
PMPALEM CHAITANYA COLLEGE,CARSHED
PMPALEM CHAITANYA COLLEGE,PMPALEM CHAITANYA COLLEGE
POLICE BARRACKS,POLICE BARRACKS
POLIPALLI,POLIPALLI
POLIPALLI JUNCTION,POLIPALLI JUNCTION
PORLUPALEM,PORLUPALEM
PORT GYMKHANA (OLD BUS STAND),PORT GYMKHANA (OLD BUS STAND)
PORT HOSPITAL,PORT HOSPITAL
PORT HOSPITAL (PORT QUARTERS),PORT HOSPITAL (PORT QUARTERS)
PORT HOSPITAL (TOWARDS AKKAYYAPALEM),PORT HOSPITAL
POTHINAMALLAYYA PALEM FIRST STOP (P M PALEM),POTHINAMALLAYYAPALEM (PM PALEM)
POTHINAMALLAYYA PALEM LAST STOP (P M PALEM),POTHINAMALLAYYAPALEM (PM PALEM)
PRAHALADAPURAM,PRAHALADAPURAM
PRAHALADAPURAM (NEAR VARAHALAKSHMI SIMHA SWAMY ASHRAM),PRAHALADAPURAM
PUNJAB HOTEL,PUNJAB HOTEL
PURNA MARKET,PURNA MARKET
PURNA MARKET (NEAR MUNICIPAL STADIUM),PURNA MARKET (NEAR MUNICIPAL STADIUM)
PURNA THEATRE,PURNA THEATRE
PURNA THEATRE,CHODAVARAM
PURNA THEATRE (KURMANNAPALEM),KURMANNAPALEM BUS STATION
PURUSHOTHAPURAM,PURUSHOTHAPURAM
PURUSHOTTAPURAM (PURUSHOTTAM),PURUSHOTTAPURAM (PURUSHOTTAM)
PYDAH COLLEGE,PYDAH COLLEGE
PYDAH COLLEGE,BOYAPALEM
PYDIWADA,PYDIWADA
PYDIWADA AGRAHARAM,PYDIWADA AGRAHARAM
R & B,R & B
R K BEACH,R K BEACH
R K BEACH - SUBMARINE,R K BEACH - SUBMARINE
R K BEACH (KALI TEMPLE),R K BEACH (KALI TEMPLE)
R K BEACH (KALI TEMPLE),R K BEACH 
RAAVIKAMATHAM,RAAVIKAMATHAM
RAGHU ENGINEERING COLLEGE,RAGHU ENGINEERING COLLEGE
RAILWAY NEW COLONY,RAILWAY NEW COLONY
RAIWADA,RAIWADA
RAJANNAPALEM,RAJANNAPALEM
RAJIV NAGAR,RAJIV NAGAR
RAJIV NAGAR CENTRE,RAJIV NAGAR
RAJULA TALLAVALASA,RAJULA TALLAVALASA
RAJUPETA,RAJUPETA
RAMA TALKIES,RAMA TALKIES
RAMAKRISHNA PURAM (R K PURAM),RAMAKRISHNA PURAM (R K PURAM)
RAMALAYAM (P M PALEM),RAMALAYAM (P M PALEM)
RAMANARAYANAM,RAMANARAYANAM
RAMAPADU,RAMAPADU
RAMAPURAM,RAMAPURAM
RAMAPURAM ROAD,RAMPURAM
RAMAVARAM,RAMAVARAM
RAMAYOGI AGRAHARAM,RAMAYOGI AGRAHARAM
RAMBILLI,RAMBILLI
RAVINDRA NAGAR,RAVINDRA NAGAR
RAVULAMMAPALEM,RAVULAMMAPALEM
READING ROOM JUNCTION,READING ROOM JUNCTION
REBBAKA,REBBAKA
RELL VEEDI,RELL VEEDI
RMHP,RMHP
RTC COLONY,RTC COLONY
RYTHU BAZAAR,NOOKALAMMA TEMPLE  (RYTHU BAZAAR)
RYTHU BAZAAR,NOOKALAMMA TEMPLE 
SABBAVARAM REGISTER OFFICE,SABBAVARAM REGISTER OFFICE
SABBAVARAM RTC COMPLEX,SABBAVARAM RTC COMPLEX
SAGAR NAGAR,SAGAR NAGAR
SAGAR NAGAR (LOCAL),SAGAR NAGAR
SAIRAM COLONY (KOMMADI),SAIRAM COLONY (KOMMADI)
SALAGRAMAPURAM (PORT QUARTERS),SALAGRAMAPURAM (PORT QUARTERS)
SALAGRAMAPURAM (SANTHI NAGAR),SALAGRAMAPURAM (SANTHI NAGAR)
SALAPUVANIPALEM,SALAPUVANIPALEM
SAMPATH VINAYAKA TEMPLE,SAMPATH VINAYAKA TEMPLE
SAMPATH VINAYAKA TEMPLE,ASILMETTA JUNCTION
SANGAM OFFICE,SANGAM OFFICE
SANGHIVALASA COLONY,SANGHIVALASA COLONY
SANJEEV COLONY,SANJEEV COLONY
SANJIVA METTA,SANJIVA METTA
SANKARAM,SANKARAM
SANKARAM (ANAKAPALLE),SANKARAM (ANAKAPALLE)
SANKARAM (MADUGULA),SANKARAM (MADUGULA)
SANTAPALEM,SANTAPALEM
SARASWATI PARK,SARASWATI PARK
SARIPALLI,SARIPALLI
SATHIVANI PALEM (SANTUVANI PALEM),SATHIVANI PALEM (SANTUVANI PALEM)
SATYAM JUNCTION,SATYAM JUNCTION
SATYANAGAR ,SATYANAGAR 
SAVARAVILLI,SAVARAVILLI
SCINDIA,SCINDIA
SCINDIA JUNCTION,SCINDIA
SCINDIA NEW COLONY,SCINDIA
SECTOR K,SECTOR K
SEETANAGARAM,SEETANAGARAM
SEETHAMMADARA (NORTH EXTENSION),SEETHAMMADARA
SEETHAMMADARA (NORTH EXTENSION),SEETHAMMADHARA
SEETHAMMADHARA,SEETHAMMADHARA
SEETHAMMADHARA (TOWARDS SATYAM COMPUTERS),SEETHAMMADHARA
SEETHAMMADHARA (TOWARDS VENKOJIPALEM),SEETHAMMADHARA
SEETHAMMAPETA,SEETHAMMAPETA
SEETHAYYAPETA,SEETHAYYAPETA
SHEELA NAGAR BUS SHELTER,SHEELA NAGAR
SHEELA NAGAR BUS SHELTER (LOCAL),SHEELA NAGAR
SIMHACHALAM - RTC COMPLEX,SIMHACHALAM - RTC COMPLEX
SIMHACHALAM DEVASTHANAM BUS DEPOT,SIMHACHALAM DEVASTHANAM BUS DEPOT
SIMHACHALAM DHEVASTHANAM GHOSHALA,SIMHACHALAM DHEVASTHANAM GHOSHALA
SIMHACHALAM HILL CURVE,SIMHACHALAM HILL CURVE
SIMHACHALAM HILLS,SIMHACHALAM HILLS
SIMHACHALAM HOSPITAL,SIMHACHALAM HOSPITAL
SIMHADRI (DONKADA),SIMHADRI (DONKADA)
SIMHAPURI COLONY,SIMHAPURI COLONY
SINGANNADORAPALEM,SINGANNADORAPALEM
SINGAVARAM,SINGAVARAM
SIRASAPALLI,SIRASAPALLI
SIRIPURAM,SIRIPURAM
SIRLAPALEM,SIRLAPALEM
SIRLAPALEM (KOVVUDU - MADDI ROAD),SIRLAPALEM (KOVVUDU - MADDI ROAD)
SONTYAM,MAMIDILOVA
SONTYAM,SONTYAM
SONTYAM X ROADS,SONTYAM X ROADS
SRAMASAKTHI NAGAR,SRAMASAKTHI NAGAR
SRI NAGAR STREET,SRI NAGAR STREET
SRIHARIPURAM,SRIHARIPURAM
SRIKANAKAMAHALAXMI,SRIKANAKAMAHALAXMI
SRINAGAR,SRINAGAR
SRINIVASA NAGAR (SIMHACHALAM),SRINIVASA NAGAR (SIMHACHALAM)
SRMT,SRMT
ST JOSEPH,ST JOSEPH
ST. JOSEPH COLLEGE,ST. JOSEPH COLLEGE
STEEL PLANT TWP - CPS,STEEL PLANT TWP - CPS
STEEL PLANT TWP - DAV PUBLIC SCHOOL,STEEL PLANT TWP - DAV PUBLIC SCHOOL
STEEL PLANT TWP - HOSPITAL,STEEL PLANT TWP - HOSPITAL
STEEL PLANT TWP - INDHIRA GANDHI PARK,STEEL PLANT TWP - INDHIRA GANDHI PARK
STEEL PLANT TWP - KANITHI ROAD,STEEL PLANT TWP - KANITHI ROAD
STEEL PLANT TWP - MAIN GATE,STEEL PLANT TWP - MAIN GATE
STEEL PLANT TWP - MAIN GATE,KURMANNAPALEM
STEEL PLANT TWP - MARKET,STEEL PLANT TWP - MARKET
STEEL PLANT TWP - SECTOR 1,STEEL PLANT TWP - SECTOR 1
STEEL PLANT TWP - SECTOR 11,STEEL PLANT TWP - SECTOR 11
STEEL PLANT TWP - SECTOR 12,STEEL PLANT TWP - SECTOR 12
STEEL PLANT TWP - SECTOR 3,STEEL PLANT TWP - SECTOR 3
STEEL PLANT TWP - SECTOR 5,STEEL PLANT TWP - SECTOR 5
STEEL PLANT TWP - SECTOR 6,STEEL PLANT TWP - SECTOR 6
STEEL PLANT TWP - SECTOR 8,STEEL PLANT TWP - SECTOR 8
STEEL PLANT TWP - SECTOR 9,STEEL PLANT TWP - SECTOR 9
STEEL PLANT TWP - SRICHAITANYA JR. COLLEGE,STEEL PLANT TWP - SRICHAITANYA JR. COLLEGE
STEEL PLANT TWP - T & DC,STEEL PLANT TWP - T & DC
STEEL PLANT TWP - UKKUNAGARAM,STEEL PLANT TWP - UKKUNAGARAM
SUJATHA NAGAR,SUJATHA NAGAR
SUJATHA NAGAR (PURUSHOTHAM BUS STOP),SUJATHA NAGAR (PURUSHOTHAM BUS STOP)
SUNDAR NAGAR,SUNDAR NAGAR
SUNDARAYYA COLONY BUS TERMINAL,SUNDARAYYA COLONY BUS TERMINAL
SURIREDDIPALEM,SURIREDDIPALEM
SVLNS GOVERNMENT STOP,SVLNS GOVERNMENT STOP
SWARNA BHARATHI INDOOR STADIUM,SWARNA BHARATHI INDOOR STADIUM
SWATANTRA NAGAR,SWATANTRA NAGAR
SWAYAMBUVARAM,SWAYAMBUVARAM
TAGARAPUVALASA (NEAR TATA THEATRE),TAGARAPUVALASA (NEAR TATA THEATRE)
TAGARAPUVALASA (NEAR TATA THEATRE),TAGARAPUVALASA
TAGARAPUVALASA HIGHWAY,TAGARAPUVALASA
TAGARAPUVALASA RTC COMPLEX,TAGARAPUVALASA RTC COMPLEX
TAGARAPUVALASA RTC COMPLEX,TAGARAPUVALASA
TALLAPALEM,TALLAPALEM
TALLAVALASA,TALLAVALASA
TALLAVALASA NH16 CONNECTING ROAD (DEGREE COLLEGE STOP),TALLAVALASA NH16 CONNECTING ROAD (DEGREE COLLEGE STOP)
TARAKARAMA,TARAKARAMA
TARLUWADA,TARLUWADA
TAVVAVANIPALEM,TAVVAVANIPALEM
TEMAPURAM BUS STATION,TEMAPURAM BUS STATION
TENNETI NAGAR (48A BUS STOP),TENNETI NAGAR (48A BUS STOP)
TENNETI PARK,TENNETI PARK
THANAM,THANAM
THANAM JUNCTION,THANAM
THATICHETLAPALEM,THATICHETLAPALEM
THATICHETLAPALEM (BOYAPALEM),THATICHETLAPALEM
THOTAGARUVU,THOTAGARUVU
THUMMAPALA,THUMMAPALA
TIKKAVANIPALEM,TIKKAVANIPALEM
TIMMAPURAM,TIMMAPURAM
TIMMARAJUPETA,TIMMARAJUPETA
TOWN KOTHAROAD,TOWN KOTHAROAD
TOWN KOTHAROAD JUNCTION,TOWN KOTHAROAD
TUMMIKAPALLI GATE,TUMMIKAPALLI GATE
TUNGALAM,TUNGALAM
TUNIVALASA,TUNIVALASA
TWO TOWN (WOMENS COLLEGE),TWO TOWN (WOMENS COLLEGE)
TYDA,TYDA
UPPADA,UPPADA
URVASI NH,URVASI
URVASI THEATRE,URVASI
USHODAYA JUNCTION,USHODAYA JUNCTION
VADACHEEPURUPALLI WEST,VADACHEEPURUPALLI WEST
VADDADI,VADDADI
VADDIMETTA,VADDIMETTA
VADLAPUDI JUNCTION,VADLAPUDI
VADLAPUDI RAILWAY QUARTERS,VADLAPUDI
VADLAPUDI TOWARDS KURMANNAPALEM,VADLAPUDI
VALANDAPETA,VALANDAPETA
VAMBAY COLONY (NEAR GAJUWAKA),VAMBAY COLONY (NEAR GAJUWAKA)
VAMBAY COLONY (NEAR GAJUWAKA),ASHOK NAGAR 
VANGALI,VANGALI
VARADA,VARADA
VARADA SANTAPALEM,VARADA SANTAPALEM
VECHALAM,VECHALAM
VEDULLANARAVA,VEDULLANARAVA
VELLANKI,VELLANKI
VELLANKI LOCAL ROAD,VELLANKI
VELLANKI NH16 CONNECTING ROAD,VELLANKI NH16 CONNECTING ROAD
VELLANKI VILLAGE,VELLANKI VILLAGE
VENKANNAPALEM,VENKANNAPALEM
VENKOJIPALEM,VENKOJIPALEM
VENKOJIPALEM(TOWARDS ISUKATHOTA),VENKOJIPALEM
VENNALAPALEM,VENNALAPALEM
VEPADA,VEPADA
VEPAGUNTA,VEPAGUNTA
VEPAGUNTA (NEAR BRTS ROAD),VEPAGUNTA
VIJAYARAMARAJU PETA,VIJAYARAMARAJU PETA
VIMAN NAGAR,VIMAN NAGAR
VIRAT NAGAR,VIRAT NAGAR
VISAKHA EYE HOSPITAL,VISAKHA EYE HOSPITAL
VISAKHAPATNAM AIRPORT,VISAKHAPATNAM AIRPORT
VISAKHAPATNAM CENTRAL JAIL,VISAKHAPATNAM CENTRAL JAIL
VISALAKSHI NAGAR,VISALAKSHI NAGAR
VISALAKSHI NAGAR (NEAR POLICE QUARTERS),VISALAKSHI NAGAR (NEAR POLICE QUARTERS)
VISALAKSHI NAGAR (NEAR POLICE QUARTERS),VISALAKSHI NAGAR
VITAM COLLEGE,VITAM COLLEGE
VIVEKANANDA NAGAR,VIVEKANANDA NAGAR
VIYYAMPETA (GOVERNMENT HOSPITAL),VIYYAMPETA (GOVERNMENT HOSPITAL)
VIZAG - RTC COMPLEX,VIZAG - RTC COMPLEX
VIZAG - RTC COMPLEX (222),VIZAG - RTC COMPLEX
"VIZAG - RTC COMPLEX (25P,25D/V,60,60C,52D)",VIZAG - RTC COMPLEX
"VIZAG - RTC COMPLEX (6A, 400)",VIZAG - RTC COMPLEX
VIZAG - RTC COMPLEX (PALLE VELUGU STOP),VIZAG - RTC COMPLEX
VIZAG - RTC COMPLEX INGATE,VIZAG - RTC COMPLEX
VIZAG - RTC COMPLEX LIC BUILDING,VIZAG - RTC COMPLEX
VIZIANAGARAM - RTC COMPLEX,VIZIANAGARAM - RTC COMPLEX
VUDA COLONY,VUDA COLONY
VUDA COLONY (NEAR CHINNAMUSHUDIWADA),CHINNAMUSHUDIWADA
VUDA COLONY (NEAR CHINNAMUSHUDIWADA),VUDA COLONY (NEAR CHINNAMUSHUDIWADA)
VUDA PARK,VUDA PARK
VUDA PARK (THE PARK HOTEL),VUDA PARK
VUTAGEDDA,VUTAGEDDA
WALTAIR BUS DEPOT,WALTAIR BUS DEPOT
WALTAIR RAILWAY STATION,WALTAIR RAILWAY STATION
WALTAIR RAILWAY STATION (STATION SIDE),WALTAIR RAILWAY STATION
WOODPETA,WOODPETA
YADAVA JAGGARAJU PETA,YADAVA JAGGARAJU PETA
YARADA BC COLONY,YARADA BC COLONY
YARADA OLD BUS STOP,YARADA OLD BUS STOP
YARADA VILLAGE,YARADA VILLAGE
YEDURUVADA,YEDURUVADA
YELLAMANCHILI,YELLAMANCHILI
YERRAVANIPALEM,YERRAVANIPALEM
Z JUNCTION TOWARDS KARNAVANIPALEM,Z JUNCTION TOWARDS KARNAVANIPALEM
ZILLA PARISHAD BUS STATION,ZILLA PARISHAD BUS STATION
ZOO PARK (BACK GATE),ZOO PARK
ZOO PARK (FRONT GATE),KAMBALKONDA
ZOO PARK (FRONT GATE),ZOO PARK
