Andhra Pradesh,Visakhapatnam,Aganampudi,530046,Bus,17.688776,83.135008,Aganampudi ,Unknown,"NH16, Aganampudi, Visakhapatnam, Andhra Pradesh 530046"
Andhra Pradesh,Visakhapatnam,Akkayyapalem,530016,Bus,17.736855,83.300052,Akkayyapalem,Unknown,"Akkayyapalem Rd, Akkayyapalem, Visakhapatnam, Andhra Pradesh 530016, India"
Andhra Pradesh,Visakhapatnam,Akkayyapalem,530016,Bus,17.40706,83.2993,Akkayyapalem Highway,Unknown,"NH16, Kailasapuram, Visakhapatnam, Andhra Pradesh 530016, India"
Andhra Pradesh,Visakhapatnam,Akkireddypalem,530012,Bus,17.710772,83.20517,Akkireddypalem ,Unknown,"NH16, Bus Stop Ln, Vivekananda Colony, Akkireddypalem, Visakhapatnam, Andhra Pradesh 530012"
Andhra Pradesh,Visakhapatnam,Maharajupeta,530004,Bus,17.720344,83.296297,Allipuram,Unknown,"S Jail Rd, Wireless Colony, Railway Quarters, Mahaarajupeta, Visakhapatnam, Andhra Pradesh 530004, India"
Andhra Pradesh,Visakhapatnam,Malkapuram,530011,Bus,17.682063,83.244213,Ambedkar Colony,Unknown,"Prakash Nagar, Visakhapatnam, Andhra Pradesh 530011, India"
Andhra Pradesh,Visakhapatnam,Arilova,530040,Bus,17.769755,83.312019,American Hospital,Unknown,"American Hospital, Sector 3, Durga Nagar, Arilova, Visakhapatnam, Andhra Pradesh 530040, India"
Andhra Pradesh,Visakhapatnam,Anakapalle,531001,Bus,17.686198,83.002166,Anakapalle - RTC Complex,Unknown,"New Colony, Anakapalle, Andhra Pradesh 531001"
Andhra Pradesh,Visakhapatnam,Anakapalle,531001,Bus,17.674471,83.00314,Anakapalle ByPass Road,Unknown,"M2F2+VG Anakapalle, Andhra Pradesh, India"
Andhra Pradesh,Visakhapatnam,Anakapalle,531001,Bus,17.683999,82.985622,Anakapalle Four Road Junction,Unknown,"MXMP+G8 Anakapalle, Andhra Pradesh, India"
Andhra Pradesh,Visakhapatnam,Anandapuram,530052,Bus,17.893975,83.3777,Anandapuram ,Unknown,"Visakhapatnam, Andhra Pradesh 530052"
Andhra Pradesh,Visakhapatnam,Anandapuram,531163,Bus,17.898049,83.385265,Anandapuram Junction ,Unknown,"NH16, Visakhapatnam, Andhra Pradesh 531163"
Andhra Pradesh,Visakhapatnam,Ananthavaram,531219,Bus,17.967365,83.29389,Ananthavaram ,Unknown,"sbi brahamgari matam rachabanda sriram temple, Ananthavaram, Andhra Pradesh 531219"
Andhra Pradesh,Visakhapatnam,Pedda Wailtair,530017,Bus,17.726632,83.324097,Andhra University,Unknown,"Andhra University Entrance Rd, Andhra University South Campus, Andhra University, Visakhapatnam, Andhra Pradesh 530003, India"
Andhra Pradesh,Visakhapatnam,Pedagantyada,530044,Bus,17.674873,83.190977,Anjali Murthy Nagar 3rd Line ,Unknown,"Sri Krishna Nagar, Durgavanipalem, Pedagantyada, Visakhapatnam Port, Andhra Pradesh 530044"
Andhra Pradesh,Visakhapatnam,Pedagantyada,530044,Bus,17.663193,83.199163,APHB Colony Main ,Unknown,"APHB Colony, Pedagantyada, Visakhapatnam Port, Andhra Pradesh 530044"
Andhra Pradesh,Visakhapatnam,Jalari Peta,530017,Bus,17.740896,83.343432,Appughar,Unknown,"Sector 10, Beach Rd, Jalari Peta, Visakhapatnam, Andhra Pradesh 530017, India"
Andhra Pradesh,Visakhapatnam,MVP Colony,530017,Bus,17.74195,83.343691,Appughar(MVP MainRoad Junction),Unknown,"Sector 9, MVP Main Rd, Appughar, MVP Colony, Visakhapatnam, Andhra Pradesh 530017, India"
Andhra Pradesh,Visakhapatnam,MVP Colony,530017,Bus,17.739071,83.334025,AQJ College,Unknown,"Sector 7, MVP Colony, Visakhapatnam, Andhra Pradesh 530017, India"
Andhra Pradesh,Visakhapatnam,Siripuram,530003,Bus,17.721114,83.320489,Arts College,Unknown,"Inside Hpcl Millinium Outlet, Cr Circle Opp Au Assembly Hall,, Siripuram, Andhra University South Campus, Andhra University, Visakhapatnam, Andhra Pradesh 530003, India"
Andhra Pradesh,Visakhapatnam,Pedagantyada,530044,Bus,17.669123,83.217764,Ashok Nagar ,Unknown,"Gajuwaka, Pedagantyada, Visakhapatnam, Andhra Pradesh 530044"
Andhra Pradesh,Visakhapatnam,Asilmetta Junction,530003,Bus,17.724494,83.309703,Asilmetta Junction,Unknown,"Sampath Vinayaka Temple Rd, CBM Compound, Asilmetta, Visakhapatnam, Andhra Pradesh 530003, India"
Andhra Pradesh,Visakhapatnam,Chinna Waltair,530003,Bus,17.721322,83.325356,AU IN GATE,Unknown,"Chinna Waltair Main Rd, Andhra University South Campus, Andhra University, Visakhapatnam, Andhra Pradesh 530003, India"
Andhra Pradesh,Visakhapatnam,Chinna Waltair,530003,Bus,17.722109,83.327845,AU OUTGATE,Unknown,"Chinna Waltair Main Rd, Andhra University South Campus, Andhra University, Visakhapatnam, Andhra Pradesh 530003, India"
Andhra Pradesh,Visakhapatnam,Auto Nagar,530012,Bus,17.694296,83.205032,Auto Nagar ,Unknown,"NH16, Auto Nagar, Visakhapatnam Port, Andhra Pradesh 530012"
Andhra Pradesh,Visakhapatnam,Pedagantyadu,530026,Bus,17.678665,83.214165,Azeemabad,Unknown,"Balacheruvu Rd (BC Road), New Gajuwaka, Pedagantyada, Pedagantyada, Visakhapatnam, Andhra Pradesh 530026"
Andhra Pradesh,Visakhapatnam,Pedda Wailtair,530017,Bus,17.731067,83.338308,Baba bazaar (Lawsons Bay Colony),Unknown,"Karachettu Road, Lawsons Bay Colony, Pedda Waltair, Visakhapatnam, Andhra Pradesh 530017, India"
Andhra Pradesh,Visakhapatnam,Gopalapatnam,530027,Bus,17.743961,83.228151,Bajji Junction ,Unknown,"Araku - Visakhapatnam Rd, Baaji Junction, Near By Araku Road, Gopalapatnam, Simhachalam, Visakhapatnam, Andhra Pradesh 530027"
Andhra Pradesh,Visakhapatnam,Bakkannapalem,530048,Bus,17.814644,83.341893,Bakkannapalem,Unknown,"Bakkannapalem, Madhurawada, Visakhapatnam, Andhra Pradesh 530048, India"
Andhra Pradesh,Visakhapatnam,Sriharipuram,530011,Bus,17.683571,83.237184,Balaganapathi Temple ,Unknown,"Sriharipuram, Visakhapatnam Port, Andhra Pradesh 530011"
Andhra Pradesh,Visakhapatnam,Anakapalle,531001,Bus,17.687162,83.015046,BalaKrishna ,Unknown,"Raghuram Layout, Niddanam Doddi, Anakapalle, Andhra Pradesh 531001"
Andhra Pradesh,Visakhapatnam,Bennavaram,531115,Bus,17.609214,82.573714,Bennavaram ,Unknown,"Mulagapudi Bennavaram, Andhra Pradesh 531115"
Andhra Pradesh,Visakhapatnam,Bhimili,531163,Bus,17.892295,83.4529,Bheemili RTC Complex,Unknown,"Bheemili, Andhra Pradesh 531163"
Andhra Pradesh,Visakhapatnam,Bheemili,530052,Bus,17.880647,83.375347,Bheemunipatnam Y Junction (Cross Roads),Unknown,"NH16, Visakhapatnam, Andhra Pradesh 530052, India"
Andhra Pradesh,Visakhapatnam,Bhimili,531163,Bus,17.890102,83.402322,Bhimili,Unknown,"Dorathoto, Bheemili, Visakhapatnam, Andhra Pradesh 531163"
Andhra Pradesh,Visakhapatnam,BHPV Twp,530012,Bus,17.701219,83.205281,BHPV ,Unknown,"NH16, Service Rd, BHPV Twp, Visakhapatnam, Andhra Pradesh 530012"
Andhra Pradesh,Visakhapatnam,Marripalem,530018,Bus,17.743216,83.259672,Birla ,Unknown,"NH16, Sai Nagar, Marripalem, Visakhapatnam, Andhra Pradesh 530018"
Andhra Pradesh,Visakhapatnam,Boddapalem,531163,Bus,17.885733,83.383616,Boddapalem,Unknown,"Boddapalem, Andhra Pradesh 531163, India"
Andhra Pradesh,Visakhapatnam,Madhuravada,530048,Bus,17.845801,83.359105,Boravanipalem,Unknown,"NH16, Madhurawada, Visakhapatnam, Andhra Pradesh 530048, India"
Andhra Pradesh,Visakhapatnam,Anandapuram,531163,Bus,17.869505,83.3687,Boyipalem ,Unknown,"Visakhapatnam, Andhra Pradesh 531163"
Andhra Pradesh,Visakhapatnam,Mudasarlova,530040,Bus,17.759159,83.322019,BRTS,Unknown,"Mudasarlova Rd, Pedda Gadhili Bus Stop, Pedda Gadhili, Hanumanthavaka, Visakhapatnam, Andhra Pradesh 530040, India"
Andhra Pradesh,Visakhapatnam,Gopalapatnam,530027,Bus,17.743756,83.2288,Buchirajupalem,Unknown,"Baaji Junction Area, NSTL, Visakhapatnam, Andhra Pradesh 530027, India"
Andhra Pradesh,Visakhapatnam,Dwaraka Nagar,530016,Bus,17.732222,83.312646,Bullayya College (Towards Rama Talkies),Unknown,"Bullayya College Road , Vishakapatnam., Old TB Hospital Area, Seetamma Peta, Dwaraka Nagar, Visakhapatnam, Andhra Pradesh 530016, India"
Andhra Pradesh,Visakhapatnam,Dwaraka Nagar,530016,Bus,17.729599,83.31187,Bullayya College (Towards Satyam Computers),Unknown," Old TB Hospital Area, Seetamma Peta, Dwaraka Nagar, Visakhapatnam, Andhra Pradesh 530016, India"
Andhra Pradesh,Visakhapatnam,Malaguda,531077,Bus,18.125846,82.678429,Burmanguda ,Unknown,"Burmanguda, HukamPeta Mandalam, Malaguda, Andhra Pradesh 531077"
Andhra Pradesh,Visakhapatnam,Butchiyyapeta,531026,Bus,17.786972,82.87652,Butchiyyapeta ,Unknown,"Butchiyyapeta Mandalam, Polepalle, Andhra Pradesh 531026"
Andhra Pradesh,Visakhapatnam,Bayyapureddipalem,531115,Bus,17.633827,82.601467,Bypureddypalem ,Unknown,Andhra Pradesh 531115
Andhra Pradesh,Visakhapatnam,Pothinamallayya Palem (P M Palem),530041,Bus,17.803009,83.353,Carshed,Unknown,"NH16, Anand Nagar, Pothinamallayya Palem, Visakhapatnam, Andhra Pradesh 530041, India"
Andhra Pradesh,Visakhapatnam,Araku,531149,Bus,18.32249,82.878239,Central Bus Station / Central Bus Station / Dwaraka Bus Station,Unknown,"Araku, Andhra Pradesh 531149"
Andhra Pradesh,Visakhapatnam,Dwaraka Nagar,530004,Bus,17.724105,83.307939,Central Bus Station / Dwaraka Bus Station - RTC Complex Complex,Unknown,"9-7, RTC Complex Inner Road, Nehru Nagar, Dwaraka Nagar, Visakhapatnam, Andhra Pradesh 530004"
Andhra Pradesh,Visakhapatnam,Maharanipeta,530002,Bus,17.711517,83.313537,Century Club ,Unknown,"Krishna Nagar, Maharani Peta, Visakhapatnam, Andhra Pradesh 530002"
Andhra Pradesh,Visakhapatnam,Jagadamba,530002,Bus,17.711309,83.302147,Chandana Bros ,Unknown,"Town Main Rd, Jagadamba Junction, Visakhapatnam Port, Andhra Pradesh 530002"
Andhra Pradesh,Visakhapatnam,Chandrampalem,530048,Bus,17.817953,83.356942,Chandrampalem ZP High School,Unknown,"NH16, Madhurawada Junction, Srinivasa Nagar, Madhurawada, Visakhapatnam, Andhra Pradesh 530048, India"
Andhra Pradesh,Visakhapatnam,Cheemala Palli,530047,Bus,17.783242,83.200359,Cheemala Palli,Unknown,"MES Layout, Chintalagraharam, Cheemala Palli, Visakhapatnam, Andhra Pradesh 530047, India"
Andhra Pradesh,Visakhapatnam,Bhimili,531163,Bus,17.921493,83.434982,Chillapate,Unknown,"Visakhapatnam, Andhra Pradesh 531163"
Andhra Pradesh,Visakhapatnam,Chinappannapalem,531026,Bus,17.82127,82.873016,Chinappannapalem,Unknown,"Vijayaramarajupeta, Andhra Pradesh 531026, India"
Andhra Pradesh,Visakhapatnam,Gajuwaka,530026,Bus,17.683563,83.197056,Chinna Gantyada ,Unknown,"Chaitanya Nagar, Gajuwaka, Visakhapatnam, Andhra Pradesh 530026"
Andhra Pradesh,Visakhapatnam,Gajuwaka,530044,Bus,17.683391,83.194952,Chinna Gantyada ,Unknown,"NH16, Chaitanya Nagar, Gajuwaka, Visakhapatnam Port, Andhra Pradesh 530044"
Andhra Pradesh,Visakhapatnam,Chinna Waltair,530017,Bus,17.72341,83.332571,Chinna Waltair,Unknown,"Chinna Waltair, Pedda Waltair, Visakhapatnam, Andhra Pradesh 530017, India"
Andhra Pradesh,Visakhapatnam,Chinnapalam,531020,Bus,17.606904,83.135752,Chinnapalam ,Unknown,"Chinnapalam, Visakhapatnam, Andhra Pradesh 531020"
Andhra Pradesh,Visakhapatnam,Chinnimushidiwada,531173,Bus,17.805373,83.209065,Chinnimushudiwada,Unknown,"D.No. 1-130, Pendurthy Road, B Zone, Chinnamushidiwada, Pendurthi, Visakhapatnam, Andhra Pradesh 531173, India"
Andhra Pradesh,Visakhapatnam,Kavali,530047,Bus,17.785396,83.195973,Chintalagraharam,Unknown,"Unnamed Road, Chintalagraharam, Chintalagraharam, Kavali, Visakhapatnam, Andhra Pradesh 530047, India"
Andhra Pradesh,Visakhapatnam,Chinthalapalem,535183,Bus,17.852205,83.195181,Chinthalapalem,Unknown,"Andhra Pradesh 535183, India"
Andhra Pradesh,Visakhapatnam,Chodavaram,531036,Bus,17.827094,82.935114,Chodavaram,Unknown,"Venkannapalem, Chodavaram, Andhra Pradesh 531036"
Andhra Pradesh,Visakhapatnam,Jagadamba,530001,Bus,17.708581,83.300467,Choultry,Unknown,"Town Kotha Rd, Opp. Super Bazar Main Road, Jagadamba Junction, Visakhapatnam, Andhra Pradesh 530002, India"
Andhra Pradesh,Visakhapatnam,Srinivasa Nagar,530007,Bus,17.744242,83.276907,CISF Children Park,Unknown,"Srinivasa Nagar, Kancharapalem, Visakhapatnam, Andhra Pradesh 530007, India"
Andhra Pradesh,Visakhapatnam,Jagadamba,530020,Bus,17.716076,83.304331,CMR Central,Unknown,"Jail Rd, Opposite Singh Hotel, Nehru Nagar, Ram Nagar, Visakhapatnam Port, Andhra Pradesh 530020, India"
Andhra Pradesh,Visakhapatnam,Maharanipeta,530002,Bus,17.708632,83.307204,Collector Office ,Unknown,"KGH Down Rd, Krishna Nagar, Maharani Peta, Visakhapatnam, Andhra Pradesh 530002"
Andhra Pradesh,Visakhapatnam,Gnanapuram,530004,Bus,17.717572,83.29021,Convent Junction,Unknown,"Railway Quarters, Railway New Colony, Visakhapatnam, Andhra Pradesh 530004, India"
Andhra Pradesh,Visakhapatnam,Sriharipuram,530017,Bus,17.689533,83.238168,Coromandal Gate (Check),Unknown,"Main Road, Near Coromandel Gate, Sriharipuram, Visakhapatnam, Andhra Pradesh 530011, India"
Andhra Pradesh,Visakhapatnam,Yellavaram,531115,Bus,17.587574,82.553953,D YellavaramJunction ,Unknown,"Yellavaram Dondapeta, Andhra Pradesh 531115"
Andhra Pradesh,Visakhapatnam,Daba Garden,530004,Bus,17.715116,83.302041,Daba Gardens,Unknown,"Prakasharao Peta, Nehru Nagar, Jagadamba Junction, Visakhapatnam Port, Andhra Pradesh 530020, India"
Andhra Pradesh,Vizianagaram,Dasarivanipalem,535183,Bus,17.911,83.178843,Dasarivanipalem,Unknown,"Dasarivanipalem, Vizianagaram, Andhra Pradesh 535183, India"
Andhra Pradesh,Visakhapatnam,Dayal Nagar,530040,Bus,17.752944,83.345778,Dayal Nagar,Unknown,"Dayal Nagar Colony, Police Quarters Rd, Dayal Nagar Colony, Vishalakshi Nagar, Visakhapatnam, Andhra Pradesh 530043, India"
Andhra Pradesh,Visakhapatnam,Mangalapalem,535183,Bus,17.865931,83.191645,Desapatrunipalem,Unknown,"Desapathruni Palem, Andhra Pradesh 535183, India"
Andhra Pradesh,Visakhapatnam,Devarapalle,531030,Bus,17.990535,82.980718,Devarapalle,Unknown,"Devarapalle, Andhra Pradesh 531030"
Andhra Pradesh,Visakhapatnam,Asilmetta Junction,530016,Bus,17.729664,83.314428,Dhanunjaya,Unknown,"Rama Talkies Rd, Asilmetta, Visakhapatnam, Andhra Pradesh 530003, India"
Andhra Pradesh,Visakhapatnam,Dhayal Nagar,531118,Bus,17.738719,83.257779,Dhayala Nagar (104 Area),Unknown,"Bowdra Ring Road, Dhayala Nagar, Sai Nagar, Marripalem, Dhayala Nagar, Sai Nagar, Kancharapalem, Visakhapatnam, Andhra Pradesh 530018, India"
Andhra Pradesh,Visakhapatnam,Nehru Nagar,530020,Bus,17.715725,83.304108,District Judge Court ,Unknown,"Jail Rd, State Bank Of India Colony, Nehru Nagar, Jagadamba Junction, Visakhapatnam, Andhra Pradesh 530020, India"
Andhra Pradesh,Visakhapatnam,Dondaparthy,530004,Bus,17.725184,83.298505,Dondaparthy ,Unknown,"Waltair Station Approach Rd, Railway Quarters, Railway New Colony, Visakhapatnam, Andhra Pradesh 530004"
Andhra Pradesh,Visakhapatnam,Dondaparthy,530016,Bus,17.72711,83.299809,Dondaparthy (Railway New Colony Road),Unknown,"Railway New Colony Rd, Mandavaripeta, Dondaparthy, Railway New Colony, Visakhapatnam, Andhra Pradesh 530016, India"
Andhra Pradesh,Visakhapatnam,Dondapudi,531114,Bus,17.760758,82.724334,Dondapudi ,Unknown,"Dondapudi, Andhra Pradesh 531114"
Andhra Pradesh,Visakhapatnam,Dorathota,531163,Bus,17.890265,83.402213,Dorathota,Unknown,"Dorathoto, Bheemili, Visakhapatnam, Andhra Pradesh 531163, India"
Andhra Pradesh,Visakhapatnam,Tallavalasa,531163,Bus,17.891174,83.405911,Dorathota (near Bheemili),Unknown,"Tallavalasa, Andhra Pradesh 531163, India"
Andhra Pradesh,Visakhapatnam,Dharmasagaram,531117,Bus,17.622613,82.611252,Drgada ,Unknown,"Dharmasagaram, Andhra Pradesh 531117"
Andhra Pradesh,Visakhapatnam,Pedda Wailtair,530017,Bus,17.727,83.339122,East Point Colony,Unknown,"East Point Colony, Pedda Waltair, Visakhapatnam, Andhra Pradesh 530017, India"
Andhra Pradesh,Visakhapatnam,Seethammadara,530013,Bus,17.738887,83.313471,Eenadu,Unknown,"Seethammadhara Rd, TPT Colony, KRM Colony, Seethammadara, Visakhapatnam, Andhra Pradesh 530013, India"
Andhra Pradesh,Visakhapatnam,Seethammadara,530013,Bus,17.737391,83.313204,Eenadu ,Unknown,"MRO Office,TPT Colony, Seethammadhara Rd, TPT Colony, Balayya Sastri Layout, Seethammadara, Visakhapatnam, Andhra Pradesh 530013"
Andhra Pradesh,Visakhapatnam,Endada,530045,Bus,17.782264,83.357977,Endada,Unknown,"NH16, Endada, Visakhapatnam, Andhra Pradesh 530045, India"
Andhra Pradesh,Visakhapatnam,Yerakannapalem,531117,Bus,17.585538,82.609677,Endamilli  ,Unknown,"Tuni to Narsipatnam Rd, Yerakannapalem, Andhra Pradesh 531117"
Andhra Pradesh,Visakhapatnam,Port Area,530035,Bus,17.716302,83.274143,Essar,Unknown,"Port Main Road, Visakhapatnam, Andhra Pradesh 530035, India"
Andhra Pradesh,Visakhapatnam,Anakapalle,531001,Bus,17.685953,83.009844,Eye Care Opticals ,Unknown,"Chinta Vari St, Anakapalle, Andhra Pradesh 531001"
Andhra Pradesh,Visakhapatnam,Kancharapalem,530007,Bus,17.739941,83.265662,Fifth Town Police Station ,Unknown,"NH16, Gavara Kanchara Palem, Kancharapalem, Visakhapatnam, Andhra Pradesh 530007"
Andhra Pradesh,Visakhapatnam,Tattabanda,531025,Bus,17.724912,82.797494,Four Road Junction  ,Unknown,"Tattabanda, Andhra Pradesh 531025"
Andhra Pradesh,Visakhapatnam,Santhi Puram,530045,Bus,17.737952,83.304837,Fourth Town Police Station,Unknown,"NH16, 4 Town Police Station, Shanthi Puram, Balayya Sastri Layout, Dwaraka Nagar, Visakhapatnam, Andhra Pradesh 530013, India"
Andhra Pradesh,Visakhapatnam,Gajuwaka,530026,Bus,17.691062,83.224289,Gajuwaka Bus Depot,Unknown,"Zoon Road, RTC Depo, New Gajuwaka, Gajuwaka, Visakhapatnam, Andhra Pradesh 530026"
Andhra Pradesh,Visakhapatnam,Gandhinagaram,531115,Bus,17.556573,82.52809,Gandhinagaram ,Unknown,Andhra Pradesh 531115
Andhra Pradesh,Visakhapatnam,Gandigundam,531173,Bus,17.841401,83.251448,Gandigundam,Unknown,"Pendurthi-Anandapuram Rd, Gandigundam, Andhra Pradesh 531173, India"
Andhra Pradesh,Visakhapatnam,Munagapaka,531001,Bus,17.652481,82.995981,Gangadevipate ,Unknown,"Munagapaka Rd, Andhra Pradesh 531001"
Andhra Pradesh,Visakhapatnam,Paravada,531021,Bus,17.655814,83.023955,Gavara Anakapalle ,Unknown,"??????????, Andhra Pradesh 531021"
Andhra Pradesh,Visakhapatnam,Bayyapureddipalem,531116,Bus,17.636235,82.602839,Giribabu Bypureddy ,Unknown,"Tuni to Narsipatnam Rd, Bayyapureddipalem, Andhra Pradesh 531116"
Andhra Pradesh,Visakhapatnam,Rushikonda,530045,Bus,17.780952,83.38058,Gitam,Unknown,"Beach Rd, Rushikonda, Visakhapatnam, Andhra Pradesh 530045, India"
Andhra Pradesh,Visakhapatnam,Gnanapuram,530004,Bus,17.721134,83.286962,Gnanapuram,Unknown,"Railway Quarters, Railway New Colony, Visakhapatnam, Andhra Pradesh 530004, India"
Andhra Pradesh,Visakhapatnam,Gnanapuram,530004,Bus,17.719933,83.287407,Gnanapuram (near Waltair Railway Station),Unknown,"Railway New Colony, Visakhapatnam Port, Andhra Pradesh 530004, India"
Andhra Pradesh,Visakhapatnam,Panchadarla,531061,Bus,17.528495,82.904239,Gokivada Junction Bus Station,Unknown,"Major District Rd, Panchadarla, Andhra Pradesh 531061"
,,Saripalli,531173,Bus,17.835656,83.200606,Golden Layout (Saripalli),Unknown,"Durga Colony, Saripalli, Andhra Pradesh 531173, India"
Andhra Pradesh,Visakhapatnam,Saripalli,531173,Bus,17.835633,83.200613,Golden Layout Bus Station,Unknown,"Durga Colony, Saripalli, Andhra Pradesh 531173"
Andhra Pradesh,Visakhapatnam,Gollalapalem,531163,Bus,17.892928,83.428501,Gollalapalem Bus Station,Unknown,"Gollalapalem, Bheemunipatnam, Andhra Pradesh 531163"
Andhra Pradesh,Visakhapatnam,Anandapuram,531163,Bus,17.892859,83.428451,Gollapalem ,Unknown,"Unnamed Rd, Gollalapalem, Andhampuram, Bheemili, Visakhapatnam, Andhra Pradesh 531163"
Andhra Pradesh,Visakhapatnam,Gopalapatnam,530027,Bus,17.746484,83.221405,Gopalapatnam ,Unknown,"Simhachalam Railway Station Rd, Nad Junction, Gopalapatnam, Simhachalam, Visakhapatnam, Andhra Pradesh 530027"
Andhra Pradesh,Visakhapatnam,Ram nagar,530002,Bus,17.720936,83.31518,Governer Bungalow,Unknown,"Near Care Hospital, Waltair Main Rd, Near Care Hospital, Nehru Nagar, Ram Nagar, Visakhapatnam, Andhra Pradesh 530002, India"
Andhra Pradesh,Visakhapatnam,Gowri Nagar,530046,Bus,17.684824,83.15917,Gowri Nagar Junction,Unknown,"NH16, Near Meeseva Kendram Kurmannapalem, sivaji nagar, Kurmannapalem, Visakhapatnam, Andhra Pradesh 530046, India"
Andhra Pradesh,Visakhapatnam,Khandipalle,531026,Bus,17.830187,82.91501,Gowripatham ,Unknown,"Khandipalle, Andhra Pradesh 531026"
Andhra Pradesh,Visakhapatnam,Ram Nagar,530020,Bus,17.715315,83.306568,Green Park,Unknown,"Waltair Main Road, Nehru Nagar, Ram Nagar, Visakhapatnam, Andhra Pradesh 530002, India"
Andhra Pradesh,Visakhapatnam,Paderu,531151,Bus,18.268191,82.688868,Guntaseema Bus Station,Unknown,"Paderu - Araku Rd, Guntaseema, Andhra Pradesh 531151"
Andhra Pradesh,Visakhapatnam,Dwaraka Nagar,530016,Bus,17.736735,83.307375,Gurudwara,Unknown,"NH16, Santhipuram, Dwaraka Nagar, Visakhapatnam, Andhra Pradesh 530016, India"
Andhra Pradesh,Visakhapatnam,Dwaraka Nagar,530004,Bus,17.722376,83.307628,GVMC ,Unknown,"Jail Rd, Dwaraka Nagar, Visakhapatnam, Andhra Pradesh 530004"
Andhra Pradesh,Visakhapatnam,Hanumanthawaka,530043,Bus,17.754657,83.332417,Hanumanthawaka,Unknown,"NH16, Hanumanthavaka, Visakhapatnam, Andhra Pradesh 530043, India"
Andhra Pradesh,Visakhapatnam,Hanumanthawaka,530043,Bus,17.753798,83.332476,Hanumanthawaka (Near Market Yard),Unknown,"NH16, Hanumanthavaka, Visakhapatnam, Andhra Pradesh 530043, India"
Andhra Pradesh,Visakhapatnam,HB Colony,530013,Bus,17.745683,83.323104,HB Colony Last ,Unknown,"HB Colony Rd, Bhanu Nagar, H B Colony, Visakhapatnam, Andhra Pradesh 530013"
Andhra Pradesh,Visakhapatnam,Pothinamallayya Palem (P M Palem),530041,Bus,17.799489,83.352886,Housing Board (PM Palem),Unknown,"NH16, Opposite Cricket Stadium Road, Pothinamallayya Palem, Visakhapatnam, Andhra Pradesh 530041, India"
Andhra Pradesh,Visakhapatnam,Anandapuram,531163,Bus,17.855408,83.416358,INS Kalinga ,Unknown,"Beach Rd, Visakhapatnam, Andhra Pradesh 531163"
Andhra Pradesh,Visakhapatnam,Scindia,530011,Bus,17.697773,83.268437,INS Satavahana,Unknown,"Scindia Rd, Dockyard Line, Salavahanam Bus Stop, HPCL Steel Plant, Visakhapatnam, Andhra Pradesh 530011, India"
Andhra Pradesh,Visakhapatnam,Maddilapalem,530022,Bus,17.742008,83.32761,Isukathota,Unknown,"NH16, Kranthi Nagar, Isukathota, Maddilapalem, Visakhapatnam, Andhra Pradesh 530022, India"
Andhra Pradesh,Visakhapatnam,Rushikonda,530048,Bus,17.813475,83.378707,IT Park,Unknown,"Startup Village, Pedda Rushikonda, Rushikonda, Visakhapatnam, Andhra Pradesh 530048, India "
Andhra Pradesh,Visakhapatnam,Garava Kancharapalem,530007,Bus,17.735761,83.268127,ITI Junction,Unknown,"Old ITI Area, Gavara Kanchara Palem, Kancharapalem, Visakhapatnam, Andhra Pradesh 530007, India"
Andhra Pradesh,Visakhapatnam,Madhuravada,530048,Bus,17.852233,83.361569,J K Layout,Unknown,"NH16, Visakhapatnam, Andhra Pradesh 530048, India"
Andhra Pradesh,Visakhapatnam,Jagadamba,530020,Bus,17.712152,83.302403,Jagadamba ,Unknown,"Jagadamba Junction, Visakhapatnam, Andhra Pradesh 530020"
Andhra Pradesh,Visakhapatnam,Dwaraka Nagar,530004,Bus,17.720931,83.306857,Jail Road ,Unknown,"Dwaraka Nagar, Visakhapatnam, Andhra Pradesh 530004"
Andhra Pradesh,Visakhapatnam,Dwaraka Nagar,530004,Bus,17.71983,83.306367,Jail Road Junction,Unknown,"Rednam Alcazar, Rednam Gardens, Dwaraka Nagar, Visakhapatnam, Andhra Pradesh 530004, India"
Andhra Pradesh,Visakhapatnam,Malkapuram,530011,Bus,17.682989,83.241147,Janatha Colony,Unknown,"Malkapuram, Visakhapatnam Port, Andhra Pradesh 530011, India"
Andhra Pradesh,Visakhapatnam,Sabbavaram,531035,Bus,17.810433,83.108827,Jangala Palem ,Unknown,"Sabbavaram, Andhra Pradesh 531035"
Andhra Pradesh,Visakhapatnam,Jodugulla Palem,530043,Bus,17.751611,83.349545,Jodugulla Palem,Unknown,"Beach Rd, Jodugulla Palem, Visakhapatnam, Andhra Pradesh 530043, India"
Andhra Pradesh,Visakhapatnam,Jagadamba,530020,Bus,17.715362,83.303909,Judge Court ,Unknown,"Jail Rd, State Bank Of India Colony, Nehru Nagar, Jagadamba Junction, Visakhapatnam, Andhra Pradesh 530020"
Andhra Pradesh,Visakhapatnam,Singannadorapalem,531034,Bus,17.886097,83.042716,K Kotapadu,Unknown,"Unnamed Rd,, Singannadorapalem, Andhra Pradesh 531034, India"
Andhra Pradesh,Visakhapatnam,Marrivalasa,531034,Bus,17.873645,83.08088,K Santapalem ,Unknown,"Santapalem, Marrivalasa, Andhra Pradesh 531034"
Andhra Pradesh,Visakhapatnam,Ganesh Colony,530043,Bus,17.74748,83.346268,Kailasagiri,Unknown,"Kailasagiri, Visakhapatnam, Andhra Pradesh 530043, India"
Andhra Pradesh,Visakhapatnam,Muvvala Vari Veedhi,530017,Bus,17.744153,83.34539,Kailasagiri Rope Way,Unknown," Sector 9, Beach Rd, Vuda Park, Jalari Peta, Visakhapatnam, Andhra Pradesh 530017, India"
Andhra Pradesh,Visakhapatnam,Ganesh Colony,530008,Bus,17.743403,83.281871,Kailaspuram,Unknown,"Ganesh Colony, Visakhapatnam, Andhra Pradesh 530008, India"
Andhra Pradesh,Visakhapatnam,Ganesh Colony,530008,Bus,17.743478,83.281683,Kailaspuram,Unknown,"Ganesh Colony, Visakhapatnam, Andhra Pradesh 530008, India"
Andhra Pradesh,Visakhapatnam,Kakani Nagar,530027,Bus,17.735497,83.230308,Kakani Nagar,Unknown,"Sahethikapuram Main Road, Kakani Nagar, Visakhapatnam, Andhra Pradesh 530067, India"
Andhra Pradesh,Visakhapatnam,Sahethikapuram,530067,Bus,17.735729,83.231195,Kakani Nagar ,Unknown,"NH16, Sahethikapuram, Kakani Nagar Bus Stop, Kakani Nagar, Visakhapatnam, Andhra Pradesh 530067"
Andhra Pradesh,Visakhapatnam,Madhavadhara,530009,Bus,17.74993,83.254217,Kalinganagar ,Unknown,"Kalinganagar, Madhavadhara, Visakhapatnam, Andhra Pradesh 530009"
Andhra Pradesh,Visakhapatnam,Kailasapuram,530008,Bus,17.735406,83.279271,Kancharapalem ,Unknown,"NH16, Sanjeevaiah Colony, Kailasapuram, Visakhapatnam, Andhra Pradesh 530008"
Andhra Pradesh,Visakhapatnam,Kancharapalem,530008,Bus,17.732031,83.278019,Kancharapalem (Muthyamamba Temple),Unknown,"Gnanapuaram Main Rd, Gavara Kanchara Palem, Kancharapalem, Visakhapatnam, Andhra Pradesh 530008"
Andhra Pradesh,Visakhapatnam,Marripalem,530009,Bus,17.740792,83.242045,Karasa ,Unknown,"Old Karasa, Marripalem, Visakhapatnam, Andhra Pradesh 530009"
Andhra Pradesh,Visakhapatnam,Pedagantyada,530044,Bus,17.673698,83.190204,Karnavani Palem Bustop 1,Unknown,"Gajuwaka Bypass Rd, Durgavanipalem, Pedagantyada, Visakhapatnam, Andhra Pradesh 530044"
Andhra Pradesh,Visakhapatnam,Sri Nagar,530044,Bus,17.673704,83.190048,Karnavani Palem Bustop 2,Unknown,"Gajuwaka Bypass Rd, Sri Nagar, Gajuwaka, Visakhapatnam, Andhra Pradesh 530044"
Andhra Pradesh,Visakhapatnam,Kasimkota,531031,Bus,17.670003,82.967043,Kasimkota ,Unknown,"Kasimkota, Andhra Pradesh 531031"
Andhra Pradesh,Visakhapatnam,Chinaboddepalle,531085,Bus,17.470859,82.598821,Kata ,Unknown,"Chinaboddepalle, Andhra Pradesh 531085"
Andhra Pradesh,Visakhapatnam,Jagadamba,530002,Bus,17.708724,83.306678,KGH ,Unknown,"KGH Down Rd, Jagadamba Junction, Visakhapatnam Port, Andhra Pradesh 530002"
Andhra Pradesh,Visakhapatnam,Jagadamba,530002,Bus,17.709598,83.305189,KGH Out-Patient GATE,Unknown,"Opp KGH OP Gate, Jagadamba Junction, Visakhapatnam Port, Andhra Pradesh 530002, India"
Andhra Pradesh,Visakhapatnam,Khandivaram,531028,Bus,17.914639,82.86132,Khandivaram Village,Unknown,"Unnamed Rd, Khandivaram, Sirijam, Andhra Pradesh 531028, India"
Andhra Pradesh,Visakhapatnam,Madhuravada,530048,Bus,17.824587,83.356377,Kommadi Junction,Unknown,"NH16, Gandhi Nagar, Madhurawada, Visakhapatnam, Andhra Pradesh 530048, India"
Andhra Pradesh,Visakhapatnam,Konda Koppaka,531019,Bus,17.692707,83.046059,Koppaka ,Unknown,"NH16, Konda Koppaka, Andhra Pradesh 531019"
Andhra Pradesh,Visakhapatnam,Bapirajutallavalasa,531219,Bus,18.020053,83.383217,Korada ,Unknown,"padmanabham, Bapirajutallavalasa, Andhra Pradesh 531219"
Andhra Pradesh,Visakhapatnam,Kotavuratla,531085,Bus,17.564258,82.683886,Kotavuratla ,Unknown,"Kotavuratla, Andhra Pradesh 531085"
Andhra Pradesh,Visakhapatnam,Tummikapalli,535183,Bus,17.90304,83.186075,Kothavalasa,Unknown,"Andhra Pradesh 535183, India"
Andhra Pradesh,Visakhapatnam,Kothavalasa,530003,Bus,17.903103,83.185617,Kothavalasa Junction,Unknown,"Andhra Pradesh 535183, India"
Andhra Pradesh,Visakhapatnam,Kothavalasa,535183,Bus,17.891865,83.186277,Kothavalasa Railway Station,Unknown,"Araku - Visakhapatnam Rd, Kothavalasa, Andhra Pradesh 535183, India"
Andhra Pradesh,Visakhapatnam,Yellavaram,531115,Bus,17.585192,82.525113,Kottha Yellavaram ,Unknown,"Yellavaram Dondapeta, Andhra Pradesh 531115"
Andhra Pradesh,Visakhapatnam,Krishna Puram,530040,Bus,17.766917,83.286728,Krishna Puram,Unknown,"Simhachalam to Hanumanthavaka Junction BRTS Rd, Near Reserubir, Krishna Puram, Visakhapatnam, Andhra Pradesh 530040, India"
Andhra Pradesh,Visakhapatnam,Kurmannapalem,530046,Bus,17.684277,83.165356,Kurmannapalem - RTC Complex,Unknown,"NH16, Kurmanpalem, Visakhapatnam, Andhra Pradesh 530046"
Andhra Pradesh,Visakhapatnam,Kurmannapalem,530046,Bus,17.685526,83.168479,Kurmannapalem Bus Station,Unknown,"NH16, Kurmannapalem, Visakhapatnam, Andhra Pradesh 530046"
Andhra Pradesh,Visakhapatnam,Port Area,530001,Bus,17.69825,83.294879,Kurpam Market,Unknown,"Kanchara St, Chengal Rao Peta, Port Area, Visakhapatnam Port, Andhra Pradesh 530001, India"
Andhra Pradesh,Visakhapatnam,Pedda Wailtair,530017,Bus,17.730347,83.340144,Kurupam Circle,Unknown,"105, Sarovar Apartment, Beach Rd, Lawsons Bay Colony, Pedda Waltair, Visakhapatnam, Andhra Pradesh 530017, India"
Andhra Pradesh,Visakhapatnam,Port Area,530001,Bus,17.700274,83.293598,Lakshmi Talkies,Unknown,"Raja Rammohan Roy Rd, Mtc palem, Port Area, Visakhapatnam, Andhra Pradesh 530001, India"
Andhra Pradesh,Visakhapatnam,Lakshmipuram Village,530047,Bus,17.787051,83.197099,Lakshmipuram Village,Unknown,"Vepagunta - Sabbavaram Rd, Port Colony, MES Layout, Chintalagraharam, Kavali, Visakhapatnam, Andhra Pradesh 530047, India"
Andhra Pradesh,Visakhapatnam,Lankela Palem,531019,Bus,17.688045,83.096874,Lankelapalem ,Unknown,"NH16, Lankela Palem, Andhra Pradesh 531019"
Andhra Pradesh,Visakhapatnam,Rushikonda,530045,Bus,17.91253,83.352831,Law College,Unknown,"NH16, Rushikonda, Visakhapatnam, Andhra Pradesh, 530045, India"
Andhra Pradesh,Visakhapatnam,Jalari Peta,530017,Bus,17.733021,83.340702,Lawsons Bay,Unknown,"Beach Rd, Lawsons Bay Colony, Jalari Peta, Visakhapatnam, Andhra Pradesh 530017, India"
Andhra Pradesh,Visakhapatnam,Jalari Peta,530017,Bus,17.737116,83.341975,Lawsons Bay (Towards Vuda Park),Unknown,"Beach Rd, Lawsons Bay Colony, Jalari Peta, Visakhapatnam, Andhra Pradesh 530017, India"
Andhra Pradesh,Visakhapatnam,Maddilapalem,530022,Bus,17.739888,83.326377,Leela Krishna Toyota,Unknown,"NH16, Isukathota, Maddilapalem, Visakhapatnam, Andhra Pradesh 530022, India"
Andhra Pradesh,Visakhapatnam,Jagadamba,530002,Bus,17.710777,83.302034,Lepakshi,Unknown,"KGH Down Rd, Besides Lepakshi Handicrafts, Jagadamba Junction, Visakhapatnam Port, Andhra Pradesh 530002, India"
Andhra Pradesh,Visakhapatnam,Dwaraka Nagar,530004,Bus,17.7235,83.304748,LIC Bus Stop,Unknown,"RTC Complex Road, Dwaraka Nagar, Visakhapatnam, Andhra Pradesh 530004, India"
Andhra Pradesh,Visakhapatnam,Ram nagar,530002,Bus,17.718795,83.311088,Lions Club,Unknown,"Ram Nagar Rd, Nehru Nagar TPT/VUDA Colony, Nehru Nagar, Ram Nagar, Visakhapatnam, Andhra Pradesh 530002"
Andhra Pradesh,Visakhapatnam,Maddi,531219,Bus,17.979222,83.329089,Maddi Road ,Unknown,"Padmanaabham - Maddi Village Rd, Andhra Pradesh 531219"
Andhra Pradesh,Visakhapatnam,Maddilapalem,530013,Bus,17.735619,83.320709,Maddilapalem (Sai Ram Hotel),Unknown,"NH16, Pithapuram Colony, Maddilapalem, Visakhapatnam, Andhra Pradesh 530003, India"
Andhra Pradesh,Visakhapatnam,Maddilapalem,530013,Bus,17.735878,83.320225,Maddilapalem Depot,Unknown,"NH16, Bus Depot Rd, Maddilapalem, Visakhapatnam, Andhra Pradesh 530013"
Andhra Pradesh,Visakhapatnam,Madhavadhara,530007,Bus,17.74527,83.271222,Madhavadhara ,Unknown,"Kapparada NGGO Colony, Pattabhi Reddy Thota, Madhavadhara, Visakhapatnam, Andhra Pradesh 530007, India"
Andhra Pradesh,Visakhapatnam,Madhavadhara,530007,Bus,17.748629,83.258405,Madhavadhara (Near Sree Kanaka Durga Function Hall),Unknown,"Tenneti Nagar, Muralinagar, Madhavadhara, Visakhapatnam, Andhra Pradesh 530007"
Andhra Pradesh,Visakhapatnam,Madhuravada,530048,Bus,17.81863,83.357262,Madhurwada,Unknown,"NH16, Srinivasa Nagar, Madhurawada, Visakhapatnam, Andhra Pradesh 530048, India"
Andhra Pradesh,Visakhapatnam,Madhuravada,530048,Bus,17.823402,83.356573,Madhurwada Junction,Unknown,"NH16, Srinivasa Nagar, Madhurawada, Visakhapatnam, Andhra Pradesh 530048, India"
Andhra Pradesh,Visakhapatnam,Bhimili,531163,Bus,17.960924,83.41919,Maharajupeta Junction,Unknown,"NH16, Andhra Pradesh 531162"
Andhra Pradesh,Visakhapatnam,Pendurthi,530027,Bus,17.751046,83.218148,Mahati English Medium School Bus Stop,Unknown,"Pendurthi-NAD BRTS Express Way, Gopalapatnam, Simhachalam, Visakhapatnam, Andhra Pradesh 530027"
Andhra Pradesh,Visakhapatnam,Gompa,531026,Bus,17.72628,82.803054,Malapalli Junction ,Unknown,"Gompa, Andhra Pradesh 531026"
Andhra Pradesh,Visakhapatnam,Gandigundam,531173,Bus,17.849077,83.268518,Mamidilova,Unknown,"Pendurthi-Anandapuram Rd, Gandigundam, Andhra Pradesh 531173, India"
Andhra Pradesh,Visakhapatnam,Manchala,531028,Bus,17.9476,82.885704,Manchala Village ,Unknown,Andhra Pradesh 531028
Andhra Pradesh,Visakhapatnam,Mangalapalem,535183,Bus,17.876498,83.189485,Mangalapalem,Unknown,"Mangalapalem, Andhra Pradesh 535183, India"
Andhra Pradesh,Visakhapatnam,Marikavalasa,530048,Bus,17.826696,83.371322,Marikavalasa,Unknown,"Marikavalasa Rd, Sivasakthi Nagar, Madhurawada, Visakhapatnam, Andhra Pradesh 530048, India"
Andhra Pradesh,Visakhapatnam,Marripalem,530018,Bus,17.584577,82.537694,Marripalem ,Unknown,"Marripalem Main Rd, Bowdra Ring Road, Railway Colony, Marripalem, Visakhapatnam, Andhra Pradesh 530018, India"
Andhra Pradesh,Visakhapatnam,Marripalem,531035,Bus,17.745548,83.066497,Marripalem ,Unknown,"Marripalem, Andhra Pradesh 531035"
Andhra Pradesh,Visakhapatnam,Jagadamba,530020,Bus,17.711098,83.303207,Masjid ,Unknown,"Jagadamba Junction, Visakhapatnam Port, Andhra Pradesh 530020"
Andhra Pradesh,Visakhapatnam,Garnikam,531025,Bus,17.785137,82.779182,Medivada Village ,Unknown,"Garnikam, Andhra Pradesh 531025"
Andhra Pradesh,Visakhapatnam,Kirlampudi Layout,530017,Bus,17.727677,83.334559,Mental Hospital,Unknown,"East Point Colony, Kirlampudi Layout, Chinna Waltair, Pedda Waltair, Visakhapatnam, Andhra Pradesh 530017, India"
Andhra Pradesh,Visakhapatnam,Mindi,530012,Bus,17.701958,83.215394,Mindi,Unknown,"Vuda Colony, Mindi, Visakhapatnam Port, Andhra Pradesh 530012, India"
Andhra Pradesh,Visakhapatnam,Srinivasa Nagar,530041,Bus,17.806029,83.368904,Mithilapuri Vuda Colony,Unknown,"Vuda Nagar, Srinivasa Nagar, Madhurawada, Visakhapatnam, Andhra Pradesh 530041, India"
Andhra Pradesh,Visakhapatnam,HB Colony,530013,Bus,17.744114,83.318344,MMTC,Unknown,"Seethammadhara Rd, Near Alluri Seetharama Raju Statue, KRM Colony, Seethammadara, Visakhapatnam, Andhra Pradesh 530013, India"
Andhra Pradesh,Visakhapatnam,Paravada,531021,Bus,17.643222,83.014903,Moolapeta ,Unknown,"Visakhapatnam, Andhra Pradesh 531021"
Andhra Pradesh,Visakhapatnam,Bennavaram,531115,Bus,17.600359,82.5632,Mulagapudi ,Unknown,"Mulagapudi Bennavaram, Andhra Pradesh 531115"
Andhra Pradesh,Visakhapatnam,Jagadamba,530001,Bus,17.70615,83.296116,Municipal Stadium (Pata Bus Stand),Unknown,"Raja Rammohan Roy Rd, Pandupulla Sandhu, Jagadamba Junction, Visakhapatnam Port, Andhra Pradesh 530001, India"
Andhra Pradesh,Visakhapatnam,Muralinagar,530007,Bus,17.746834,83.263804,Muralinagar (Burma Colony),Unknown,"Burma Colony, Muralinagar, Madhavadhara, Visakhapatnam, Andhra Pradesh 530007"
Andhra Pradesh,Visakhapatnam,Muralinagar,530007,Bus,17.745933,83.267144,Muralinagar (Nehru Nagar),Unknown,"Sector 3, Nehru Nagar, Madhavadhara, Visakhapatnam, Andhra Pradesh 530007"
Andhra Pradesh,Visakhapatnam,MVP Colony,530017,Bus,17.743045,83.338787,MVP Circle,Unknown,"Sector- 6, MVP Colony, Visakhapatnam, Andhra Pradesh 530017 India"
Andhra Pradesh,Visakhapatnam,MVP Colony,530017,Bus,17.740642,83.336451,MVP Colony (Muvvalavanipalem (Depot)),Unknown,"MVP Double Rd, Near Samatha College, Sector 8, MVP Colony, Visakhapatnam, Andhra Pradesh 530017, India"
Andhra Pradesh,Visakhapatnam,MVP Colony,530017,Bus,17.743842,83.335392,MVP Colony (Vijaya Hospitals),Unknown,"Opposite Vijaya Hospital, Sector-3, Mvp Colony, Mvp Colony, MVP Sector 3, Sector- 6, MVP Colony, Visakhapatnam, Andhra Pradesh 530017, India"
Andhra Pradesh,Visakhapatnam,MVP Colony,530017,Bus,17.744684,83.332009,MVP Gothisons,Unknown,"MVP Sector 3, Sector 3, MVP Colony, Visakhapatnam, Andhra Pradesh 530017, India"
Andhra Pradesh,Visakhapatnam,Namavaram,531126,Bus,17.375142,82.592747,Naamavaram ,Unknown,"NH16, Naamavaram, Andhra Pradesh 531126"
Andhra Pradesh,Visakhapatnam,Nad Junction,530027,Bus,17.743877,83.236108,NAD ,Unknown,"NH16, Bus Stop Ln, N.A.D. New Road, National Highway 5 Road, Nad Junction, Shanti Nagar, NSTL, Visakhapatnam, Andhra Pradesh 530027"
Andhra Pradesh,Visakhapatnam,Pedagantyada,530044,Bus,17.670095,83.19637,Nadupur ,Unknown,"Nadupuru main Rd, Nadupuru, Pedagantyada, Visakhapatnam, Andhra Pradesh 530044"
Andhra Pradesh,Visakhapatnam,Nad Road,530029,Bus,17.767012,83.217275,Naidu Thota,Unknown,"NAD Road, Sai Madhava Nagar, Naidu Thota, Visakhapatnam, Andhra Pradesh 530029, India"
Andhra Pradesh,Visakhapatnam,Nad Road,530029,Bus,17.768186,83.217032,Naidu Thota Junction ,Unknown,"NAD Road, Naidu Thota, Visakhapatnam, Andhra Pradesh 530029"
Andhra Pradesh,Visakhapatnam,Nakkapalli,531081,Bus,17.408547,82.715409,Nakkapalli Bus Station,Unknown,"Teachers Colony Rd, Nakkapalli, Andhra Pradesh 531081"
Andhra Pradesh,Visakhapatnam,Narsipatnam,531116,Bus,17.663256,82.616211,Narsipatnam - RTC Complex,Unknown,"Narsipatnam, Andhra Pradesh 531116"
Andhra Pradesh,Visakhapatnam,Narsipatnam,531116,Bus,17.662743,82.615083,Narsipatnam Bus Depot,Unknown,"Narsipatnam, Andhra Pradesh 531116"
Andhra Pradesh,Visakhapatnam,Nausena Baugh,530005,Bus,17.687165,83.256258,Nausana Baugh Entrance,Unknown,"GNT Rd, Nausena Bagh, Prakash Nagar, Visakhapatnam, Andhra Pradesh 530005, India"
Andhra Pradesh,Visakhapatnam,Port Area,530014,Bus,17.706546,83.260028,NDV,Unknown,"HPCL Steel Plant, Visakhapatnam, Andhra Pradesh 530014, India"
Andhra Pradesh,Visakhapatnam,Gajuwaka,530026,Bus,17.685437,83.213951,New Gajuwaka ,Unknown,"High School Rd, Bus Stop Main Road, New Gajuwaka, Gajuwaka, Visakhapatnam, Andhra Pradesh 530026"
Andhra Pradesh,Visakhapatnam,Gajuwaka,530026,Bus,17.685795,83.213497,New Gajuwaka Market ,Unknown,"GNT Rd, Gajuwaka, Visakhapatnam, Andhra Pradesh 530026"
Andhra Pradesh,Visakhapatnam,Gajuwaka,530026,Bus,17.685555,83.209614,New Gajuwaka Theatres ,Unknown,"GNT Rd, Gajuwaka, Visakhapatnam Port, Andhra Pradesh 530026"
Andhra Pradesh,Visakhapatnam,NGGO Colony,530007,Bus,17.745427,83.271188,NGGO Colony,Unknown,"Kapparada NGGO Colony, Pattabhi Reddy Thota, Madhavadhara, Visakhapatnam, Andhra Pradesh 530007, India"
Andhra Pradesh,Visakhapatnam,Tallavalasa,531163,Bus,17.893153,83.408632,Nidigattu Road,Unknown,"Tallavalasa, Andhra Pradesh 531163"
Andhra Pradesh,Visakhapatnam,Gymkhana,530001,Bus,17.710587,83.294104,Nookalamma Temple,Unknown,"Daba Gardens, Allipuram, Visakhapatnam, Andhra Pradesh 530020, India"
Andhra Pradesh,Visakhapatnam,Narsipatnam,531116,Bus,17.666153,82.609214,Old Bus Stand,Unknown,"Narsipatnam, Andhra Pradesh 531116"
Andhra Pradesh,Visakhapatnam,Bayyapureddipalem,531115,Bus,17.632003,82.60661,Old Bypureddypalem ,Unknown,Andhra Pradesh 531115
Andhra Pradesh,Visakhapatnam,Pedda Wailtair,530017,Bus,17.728908,83.327849,Old CBI,Unknown,"Karachettu Road, Pedda Waltair, Visakhapatnam, Andhra Pradesh 530017, India"
Andhra Pradesh,Visakhapatnam,Hanumanthawaka,530043,Bus,17.59584,83.333581,Old Diary Farm,Unknown,"NH16, Hanumanthavaka, Visakhapatnam, Andhra Pradesh 530043, India"
Andhra Pradesh,Visakhapatnam,Old Gajuwaka,530026,Bus,17.686597,83.204038,Old Gajuwaka,Unknown,"NH16, Chittinaidu Colony, Old Gajuwaka, Chaitanya Nagar, Gajuwaka, Visakhapatnam, Andhra Pradesh 530026"
Andhra Pradesh,Visakhapatnam,Old Gajuwaka,530026,Bus,17.685688,83.204595,Old Gajuwaka MainRoad ,Unknown,"GNT Rd, Gajuwaka, Visakhapatnam, Andhra Pradesh 530026"
Andhra Pradesh,Visakhapatnam,Port Area,530001,Bus,17.693643,83.292149,Old Head Post Office (OHPO),Unknown,"Raja Rammohan Roy Rd, Old Post Office, Soldierpet, Port Area, Visakhapatnam Port, Andhra Pradesh 530001, India"
Andhra Pradesh,Visakhapatnam,Port Area,530001,Bus,17.695651,83.292582,One Town,Unknown,"Port Area, Visakhapatnam, Andhra Pradesh 530001, India"
Andhra Pradesh,Visakhapatnam,Port Area,530001,Bus,17.695679,83.293552,One Town (Towards OHPO),Unknown,"Town Kotha Rd, Port Area, Visakhapatnam, Andhra Pradesh 530001, India"
Andhra Pradesh,Visakhapatnam,Paderu,531116,Bus,18.088553,82.668558,Paderu - RTC Complex,Unknown,"Paderu, Andhra Pradesh 531116, India"
Andhra Pradesh,Visakhapatnam,Pendurthi,530052,Bus,17.889193,83.354669,Palavalasa,Unknown,"Dukkavanipalem, Andhra Pradesh 530052, India"
Andhra Pradesh,Visakhapatnam,Auto Nagar,530026,Bus,17.690868,83.205692,Panthulugari Meda ,Unknown,"NH16, Auto Nagar, Visakhapatnam, Andhra Pradesh 530026"
Andhra Pradesh,Visakhapatnam,Paravada,531021,Bus,"17,628,110",83.089464,Paravada Sub Station,Unknown,"Electric Substation, Paravada, Visakhapatnam, Andhra Pradesh 531021, India"
Andhra Pradesh,Visakhapatnam,Nad Road,530029,Bus,17.751044,83.218091,Pavani Medicals,Unknown,"Pendurthi-NAD BRTS Express Way, Gopalapatnam, Simhachalam, Visakhapatnam, Andhra Pradesh 530027, India"
Andhra Pradesh,Visakhapatnam,Peda Narava,530027,Bus,17.742826,83.18795,Peda Narava,Unknown,"DRS Reservior and Andhra Cements Rd, Peda Narava, Andhra Pradesh 530027, India"
Andhra Pradesh,Visakhapatnam,Pedabayalu,531024,Bus,18.129883,82.636263,Pedabayalu ,Unknown,Andhra Pradesh 531024
Andhra Pradesh,Visakhapatnam,Pedagantyada,530044,Bus,17.667829,83.206913,Pedagantyada ,Unknown,"Pedagantyada, Visakhapatnam, Andhra Pradesh 530044"
Andhra Pradesh,Visakhapatnam,Konda Koppaka,531019,Bus,17.689409,83.074802,Pedamusidivada,Unknown,"Pedamusidivada, Andhra Pradesh 531019"
Andhra Pradesh,Visakhapatnam,Pedda Wailtair,530017,Bus,17.730914,83.334883,Pedda Waltair,Unknown,"Karachettu Road, Lawsons Bay Colony, Pedda Waltair, Visakhapatnam, Andhra Pradesh 530017, India"
Andhra Pradesh,Visakhapatnam,Pedda Wailtair,530017,Bus,17.730922,83.335571,Pedda Waltair (Towards Mental Hospital),Unknown,"Karachettu Road, East Point Colony, Pedda Waltair, Visakhapatnam, Andhra Pradesh 530017, India"
Andhra Pradesh,Visakhapatnam,Islampet,530031,Bus,17.607418,83.143882,Peddapalem ,Unknown,"Islampet, Visakhapatnam, Andhra Pradesh 530031"
Andhra Pradesh,Visakhapatnam,Peddipalem,531163,Bus,17.902477,83.399969,Peddipalem,Unknown,"NH16, Visakhapatnam, Andhra Pradesh 531163, India"
Andhra Pradesh,Visakhapatnam,Pendurthi,531173,Bus,17.812117,83.207133,Pendurthi,Unknown,"Vijaya Nagar Road, Pendurthi, Visakhapatnam, Andhra Pradesh 531173"
Andhra Pradesh,Visakhapatnam,Pendurthi,531173,Bus,17.821598,83.204184,Pendurthi,Unknown,"Sabbavaram Road, Pendurthi, Visakhapatnam, Andhra Pradesh 531173"
Andhra Pradesh,Visakhapatnam,Pendurthi,531173,Bus,17.810863,83.207683,Pendurthi Govt. Junior College ,Unknown,"Mahalaxmi Nagar, Pendurthi, Visakhapatnam, Andhra Pradesh 531173"
Andhra Pradesh,Visakhapatnam,Pendurthi,531173,Bus,,,Pendurthi Main Junction ,Unknown,"Araku - Visakhapatnam Rd, Balaji Nagar, Pendurthi, Visakhapatnam, Andhra Pradesh 531173"
Andhra Pradesh,Visakhapatnam,Kotapadu,531035,Bus,17.811331,83.169419,Pinagadi Junction,Unknown,"Kotapadu Road, Gorapalle, Andhra Pradesh 531035, India"
Andhra Pradesh,Visakhapatnam,Madhavadhara,530009,Bus,17.745772,83.252862,Pinjab Hotel ,Unknown,"Kalinganagar, Madhavadhara, Visakhapatnam, Andhra Pradesh 530009"
Andhra Pradesh,Visakhapatnam,Jagadamba,530020,Bus,17.71103,83.299347,Police Barracks ,Unknown,"Raja Rammohan Roy Rd, Suryabagh, Jagadamba Junction, Visakhapatnam Port, Andhra Pradesh 530020"
Andhra Pradesh,Visakhapatnam,Gymkhana,530001,Bus,17.707741,83.293924,Port Gymkhana (Old Bus Stand),Unknown,"Port Gymkhana Club Rd, Jagadamba Junction, Visakhapatnam Port, Andhra Pradesh 530001, India"
Andhra Pradesh,Visakhapatnam,Kailasapuram,530016,Bus,17.739341,83.295715,Port Hospital,Unknown,"NH16, Bus Stop Ln, Kailasapuram, Visakhapatnam, Andhra Pradesh 530016, India"
Andhra Pradesh,Visakhapatnam,Kailasapuram,530024,Bus,17.73876,83.293364,Port Hospital ,Unknown,"NH16, Bus Stop Ln, Port Quarters, Kailasapuram, Visakhapatnam, Andhra Pradesh 530024"
Andhra Pradesh,Visakhapatnam,Kailasapuram,530016,Bus,17.739341,83.295715,Port Hospital (Port Quarters),Unknown,"Port Quarters, Kailasapuram, Visakhapatnam, Andhra Pradesh 530024, India"
Andhra Pradesh,Visakhapatnam,Pothinamallayya Palem (P M Palem),530041,Bus,17.804301,83.348716,Pothinamallayya Palem First Stop (P M Palem),Unknown,"Near Sivalayam, SBI Colony, Pothinamallayya Palem, Visakhapatnam, Andhra Pradesh 530041, India"
Andhra Pradesh,Visakhapatnam,Pothinamallayya Palem (P M Palem),530041,Bus,17.806732,83.339152,Pothinamallayya Palem Last Stop (P M Palem),Unknown,"SBI Colony, Pothinamallayya Palem, Visakhapatnam, Andhra Pradesh 530041, India"
Andhra Pradesh,Visakhapatnam,Prahaladapuram,530029,Bus,17.762779,83.223553,Prahaladapuram ,Unknown,"Simhachalam Rd, Prahaladapuram, Simhachalam, Visakhapatnam, Andhra Pradesh 530029"
Andhra Pradesh,Visakhapatnam,Prahaladapuram,530029,Bus,17.764157,83.22479,Prahaladapuram (Near Varahalakshmi Simha Swamy Ashram),Unknown,"Simhachalam Rd, Chandanapuri Colony, Prahaladapuram, Simhachalam, Visakhapatnam, Andhra Pradesh 530029"
Andhra Pradesh,Visakhapatnam,Kalinganagar,530009,Bus,17.74587,83.252709,Punjab Hotel,Unknown,"NH16, Near Andhra Bank, Punjab Hotel, Kalinganagar, Madhavadhara, Visakhapatnam, Andhra Pradesh 530009, India"
Andhra Pradesh,Visakhapatnam,Jagadamba,530001,Bus,17.706218,83.298472,Purna Market ,Unknown,"Town Main Rd, Pandupulla Sandhu, Jagadamba Junction, Visakhapatnam Port, Andhra Pradesh 530001"
Andhra Pradesh,Visakhapatnam,Jagadamba,530001,Bus,17.70799,83.297133,Purna Market (Near Municipal Stadium),Unknown,"Raja Rammohan Roy Rd, Mataji Bag, Purna Market, Jagadamba Junction, Visakhapatnam, Andhra Pradesh 530001"
Andhra Pradesh,Visakhapatnam,Madhavadhara,530009,Bus,17.747587,83.247511,R & B ,Unknown,"NH16, Vuda Layout, Madhavadhara, Visakhapatnam, Andhra Pradesh 530009"
Andhra Pradesh,Visakhapatnam,Paanduranga Puram,530003,Bus,17.71129,83.31829,R K Beach ,Unknown,"Beach Rd, R.K. Beach, Paanduranga Puram, Visakhapatnam, Andhra Pradesh 530003"
Andhra Pradesh,Visakhapatnam,Panduranga Puram,530003,Bus,17.711908,83.318949,R K Beach ,Unknown,"Paanduranga Puram, Visakhapatnam, Andhra Pradesh 530003, India"
Andhra Pradesh,Visakhapatnam,Jalari Peta,530017,Bus,17.717247,83.329844,R K Beach - Submarine,Unknown,"R. K. Beach Road, Kirlampudi Layout, Chinna Waltair, Paanduranga Puram, Visakhapatnam, Andhra Pradesh 530017, India"
Andhra Pradesh,Visakhapatnam,Panduranga Puram,530003,Bus,17.712421,83.319425,R K Beach (Kali Temple),Unknown,"Beach Rd, Pandurangapuram, Paanduranga Puram, Visakhapatnam, Andhra Pradesh 530003, India"
Andhra Pradesh,Visakhapatnam,Dwaraka Nagar,530004,Bus,17.72334,83.30496,R T C Complex 400 ,Unknown,"Dwaraka Nagar, Visakhapatnam, Andhra Pradesh 530004"
Andhra Pradesh,Visakhapatnam,Gnanapuram,530016,Bus,17.727856,83.293181,Railway New Colony,Unknown,"Railway New Colony Rd, Sri Siddi Enclave, Railway New Colony, Visakhapatnam, Andhra Pradesh 530016, India"
Andhra Pradesh,Visakhapatnam,Tallavalasa,531163,Bus,17.91058,83.412049,Rajula Tallavalasa ,Unknown,"NH16, R Tallavalasa, Andhra Pradesh 531163"
Andhra Pradesh,Visakhapatnam,Dwaraka Nagar,530016,Bus,17.728078,83.311649,Rama Talkies ,Unknown,"Rama Talkies Rd, CBM Compound, Dwaraka Nagar, Visakhapatnam, Andhra Pradesh 530016"
Andhra Pradesh,Visakhapatnam,Sriharipuram,530011,Bus,17.689166,83.241187,Ramakrishna Puram (R K Puram),Unknown,"GNT Rd, Sriharipuram, Visakhapatnam, Andhra Pradesh 530011"
Andhra Pradesh,Visakhapatnam,Arilova,530040,Bus,17.765875,83.317087,Ramapadu,Unknown,"Ramapadu, Arilova, Visakhapatnam, Andhra Pradesh 530040, India"
Andhra Pradesh,Visakhapatnam,Vepagunta,531173,Bus,17.811008,83.169879,Ramapuram Road ,Unknown,"Vepagunta - Sabbavaram Rd, Andhra Pradesh 531173"
Andhra Pradesh,Visakhapatnam,Ramapuram,531173,Bus,17.81132,83.169522,Ramapuram Road ,Unknown,"Vepagunta - Sabbavaram Rd, Andhra Pradesh 531173, India"
Andhra Pradesh,Visakhapatnam,Rampuram,530047,Bus,17.811043,83.169844,Rampuram Road,Unknown,"Vepagunta - Sabbavaram Rd, Andhra Pradesh 531173, India"
Andhra Pradesh,Visakhapatnam,Sundar Nagar,530040,Bus,17.765106,83.323103,Ravindra Nagar,Unknown,"1st St, Sunder Nagar, Ravindra Nagar, Visakhapatnam, Andhra Pradesh 530040, India"
Andhra Pradesh,Visakhapatnam,Port Area,530001,Bus,17.700514,83.295854,Reading Room Junction,Unknown,"Kanchara St, Main Road, Near Kanaka Maha Lakshmi Temple, Chengal Rao Peta, Port Area, Visakhapatnam, Andhra Pradesh 530001, India"
Andhra Pradesh,Visakhapatnam,Madhuravada,530048,Bus,17.81863,83.357262,RTC Colony,Unknown,"RTC Colony, Chandrampalem, Srinivasa Nagar, Madhurawada, Visakhapatnam, Andhra Pradesh 530041, India"
Andhra Pradesh,Visakhapatnam,Paderu,531024,Bus,18.088504,82.66961,RTC Complex,Unknown,"Paderu, Andhra Pradesh 531024"
Andhra Pradesh,Visakhapatnam,Dwaraka Nagar,530004,Bus,17.723275,83.307135,RTC Complex (222),Unknown,"Dwaraka Nagar, Visakhapatnam, Andhra Pradesh 530004, India"
Andhra Pradesh,Visakhapatnam,Dwaraka Nagar,530004,Bus,17.721977,83.307488,"RTC Complex (25P,25D/V,60,60C,52D)",Unknown,"Jail Rd, Dwaraka Nagar, Visakhapatnam, Andhra Pradesh 530004, India"
Andhra Pradesh,Visakhapatnam,Dwaraka Nagar,530004,Bus,17.723224,83.304889,"RTC Complex (6A, 400)",Unknown,"Dwaraka Nagar, Visakhapatnam, Andhra Pradesh 530004, India"
Andhra Pradesh,Visakhapatnam,Dwaraka Nagar,530004,Bus,17.723485,83.3048,RTC Complex LIC Building,Unknown,"RTC Complex Road, Dwaraka Nagar, Visakhapatnam, Andhra Pradesh 530004, India"
Andhra Pradesh,Visakhapatnam,Rushikonda,530045,Bus,17.784679,83.383255,Rushikonda,Unknown,"Beach Rd, Rushikonda, Visakhapatnam, Andhra Pradesh 530045, India"
Andhra Pradesh,Visakhapatnam,Daba Garden,530020,Bus,17.711064,83.293968,Rythu Bazaar,Unknown,"Port Gymkhana Club Rd, Daba Gardens, Allipuram, Visakhapatnam, Andhra Pradesh 530020, India"
Andhra Pradesh,Visakhapatnam,Bheemili,531163,Bus,17.892894,83.40876,S V L N S Government ,Unknown,"Unnamed Rd, Anandapuram, Bhimili, Visakhapatnam, Andhra Pradesh 531163"
Andhra Pradesh,Visakhapatnam,Sabbavaram,531035,Bus,17.791081,83.124012,Sabbavaram RTC Complex,Unknown,"SH 38, Sabbavaram, Andhra Pradesh 531035"
Andhra Pradesh,Visakhapatnam,Sagar Nagar,530045,Bus,17.764119,83.360932,Sagar Nagar,Unknown,"Beach Rd, Visakhapatnam, Andhra Pradesh 530045, India"
Andhra Pradesh,Visakhapatnam,Sagar Nagar,530045,Bus,17.766407,83.358484,Sagar Nagar (Local),Unknown,"Sagar Nagar, Visakhapatnam, Andhra Pradesh 530045, India"
Andhra Pradesh,Visakhapatnam,Port Quarters,5300008,Bus,17.741148,83.293924,Salagramapuram (Port Quarters),Unknown,"Port Quarters, Kailasapuram, Visakhapatnam, Andhra Pradesh 530024, India"
Andhra Pradesh,Visakhapatnam,Santhi Nagar,5300008,Bus,17.740656,83.28876,Salagramapuram (Santhi Nagar),Unknown,"Santhi Nagar, Kailasapuram, Visakhapatnam, Andhra Pradesh 530008, India"
Andhra Pradesh,Visakhapatnam,Konda Koppaka,531019,Bus,17.689573,83.062065,Salapuvanipalem ,Unknown,"Konda Koppaka, Andhra Pradesh 531019"
Andhra Pradesh,Visakhapatnam,Konda Koppaka,531019,Bus,17.687254,83.087471,Salapuvanipalem ,Unknown,"NH16, Visakhapatnam, Andhra Pradesh 531019"
Andhra Pradesh,Visakhapatnam,Asilmetta Junction,530003,Bus,17.724494,83.309703,Sampath Vinayaka Temple,Unknown,"Sampath Vinayaka Temple Rd, CBM Compound, Asilmetta, Visakhapatnam, Andhra Pradesh 530003, India"
Andhra Pradesh,Visakhapatnam,Akkayyapalem,530016,Bus,17.731461,83.299413,Sangam Office ,Unknown,"Akkayyapalem Rd, Srinivas Nagar, Lalitha Nagar, Akkayyapalem, Visakhapatnam, Andhra Pradesh 530016"
Andhra Pradesh,Visakhapatnam,Thagarapuvalasa,531163,Bus,17.920232,83.416781,Sanghivalasa Colony ,Unknown,"NH16, Thagarapuvalasa, Andhra Pradesh 531163"
Andhra Pradesh,Visakhapatnam,Madugula,531027,Bus,17.936806,82.736945,Sankaram,Unknown,"v madugula, Andhra Pradesh 531027, India"
Andhra Pradesh,Visakhapatnam,Anakapalle,531001,Bus,17.711365,83.029743,Sankaram ,Unknown,"Chintanippula Agraharam, Andhra Pradesh 531001"
Andhra Pradesh,Visakhapatnam,Madugula,531027,Bus,17.93679,82.73674,Sankaram ,Unknown,"v madugula, Andhra Pradesh 531027"
Andhra Pradesh,Visakhapatnam,Allipuram,530020,Bus,17.71252,83.297846,Saraswati Park ,Unknown,"Dolphin Area, Daba Gardens, Allipuram, Visakhapatnam, Andhra Pradesh 530020"
Andhra Pradesh,Visakhapatnam,Bheemili,531163,Bus,17.891052,83.405939,Sathya ,Unknown,"Unnamed Rd, Bheemili, Andhapuram, Vellanki, Visakhapatnam, Andhra Pradesh 531163"
Andhra Pradesh,Visakhapatnam,Dwaraka Nagar,530016,Bus,17.733604,83.312926,Satyam Computers ,Unknown,"NH16, Beside Wipro IT Company, Satyam Junction, Seethammadhara Rd, Old TB Hospital Area, Seetamma Peta, Dwaraka Nagar, Visakhapatnam, Andhra Pradesh 530016"
Andhra Pradesh,Visakhapatnam,Kancharapalem,530008,Bus,17.740169,83.26611,Satyanagar ,Unknown,"Urvasi, Nehru Nagar, Kancharapalem, Visakhapatnam, Andhra Pradesh 530008"
Andhra Pradesh,Visakhapatnam,Malkapuram,530005,Bus,17.688306,83.268107,Scindia,Unknown,"Naval Park, Hindustan Shipyard, Visakhapatnam, Andhra Pradesh 530005, India"
Andhra Pradesh,Visakhapatnam,Seethammadara,530013,Bus,17.745557,83.308023,Seethammadara NE ,Unknown,"North Extension, Seethammadara, Visakhapatnam, Andhra Pradesh 530013"
Andhra Pradesh,Visakhapatnam,Seethammadara,530013,Bus,17.743207,83.314391,Seethammadhara,Unknown,"Seethammadhara Rd, Near Alluri Seetharama Raju Statue, KRM Colony, Seethammadara, Visakhapatnam, Andhra Pradesh 530013, India"
Andhra Pradesh,Visakhapatnam,Seethammadara,530013,Bus,17.743178,83.314443,Seethammadhara (Towards Satyam Computers),Unknown,"Seethammadhara Rd, Near Alluri Seetharama Raju Statue, KRM Colony, Seethammadara, Visakhapatnam, Andhra Pradesh 530013, India"
Andhra Pradesh,Visakhapatnam,HB Colony,530013,Bus,17.743506,83.315596,Seethammadhara (Towards Venkojipalem),Unknown,"Alluri Seethamaraju Junction, Seethammadhara, Apseb Colony, HB Colony Rd, Hill View Doctors Colony, H B Colony, Visakhapatnam, Andhra Pradesh 530013, India"
Andhra Pradesh,Visakhapatnam,Seethammapeta,530016,Bus,17.731281,83.306836,Seethammapeta,Unknown,"Near Vijaya Medical Store, Seethammapetha Junction, Seetamma Peta, Dwaraka Nagar, Visakhapatnam, Andhra Pradesh 530016, India"
Andhra Pradesh,Visakhapatnam,Seethammapeta,530016,Bus,17.729171,83.306578,Seethammapeta,Unknown,"Dwarakanagar Rd, Dwaraka Nagar, Visakhapatnam, Andhra Pradesh 530016, India"
Andhra Pradesh,Visakhapatnam,Butchiyyapeta,531026,Bus,17.731562,82.831771,Seethayyapeta ,Unknown,"Seethayyapeta, Butchayyapeta Mandalam, Totakurapalem, Andhra Pradesh 531026"
Andhra Pradesh,Visakhapatnam,Sheela Nagar,530012,Bus,17.718572,83.203579,Sheela Nagar Bus Shelter,Unknown,"NH16, Near Ayyappa Swamy Temple, Sheela Nagar, Visakhapatnam, Andhra Pradesh 530012, India"
Andhra Pradesh,Visakhapatnam,Sheela Nagar,530012,Bus,17.720052,83.197334,Sheela Nagar Bus Shelter (local),Unknown,"Venkateswara Colony Rd, Beside BHPV Employees Quarter, Sheela Nagar, Visakhapatnam, Andhra Pradesh 530012, India"
Andhra Pradesh,Visakhapatnam,Simhachalam,530028,Bus,17.771156,83.243491,Simhachalam - RTC Complex,Unknown,"Venkateswaraswamy Temple Rd, Old Adavivaram, Sri Sai Nagar, Simhachalam, Visakhapatnam, Andhra Pradesh 530028"
Andhra Pradesh,Visakhapatnam,Gopalapatnam,530026,Bus,17.756598,83.22139,Simhachalam Devasthanam Bus Depot,Unknown,"Simhachalam Rd, Bus Depo, Gopalapatnam, Simhachalam, Visakhapatnam, Andhra Pradesh 530026"
Andhra Pradesh,Visakhapatnam,Mudasarlova,530040,Bus,17.776315,83.27241,Simhachalam Dhevasthanam Ghoshala,Unknown,"Mudasarlova Rd, Pineapple Colony, Visakhapatnam, Andhra Pradesh 530040"
Andhra Pradesh,Visakhapatnam,Simhachalam,530028,Bus,17.772651,83.24544,Simhachalam Hill Curve,Unknown,"Old Adavivaram, Sri Sai Nagar, Simhachalam, Visakhapatnam, Andhra Pradesh 530028"
Andhra Pradesh,Visakhapatnam,Simhachalam,530028,Bus,17.766831,83.248346,Simhachalam Hills,Unknown,"RTC Bus Stand, Nearby Bus Steps, Simhachalam, Visakhapatnam, Andhra Pradesh 530028, India"
Andhra Pradesh,Visakhapatnam,Paravada,531021,Bus,17.655267,83.09121,Simhadri ,Unknown,"Visakhapatnam, Andhra Pradesh 531021"
Andhra Pradesh,Visakhapatnam,Siripuram,530003,Bus,17.723521,83.317807,Siripuram ,Unknown,"Siripuram Cir, Dutt Island, Siripuram, Visakhapatnam, Andhra Pradesh 530003, India"
Andhra Pradesh,Visakhapatnam,Gandigundam,531173,Bus,17.848722,83.267819,Sontyam,Unknown,"Simhachalam - Sontyam Rd, Gandigundam, Andhra Pradesh 531173, India"
Andhra Pradesh,Visakhapatnam,Chinnamushidiwada,531173,Bus,17.808445,83.196574,Sramasakthi Nagar ,Unknown,"Chinnamushidiwada, Pendurthi, Visakhapatnam, Andhra Pradesh 531173"
Andhra Pradesh,Visakhapatnam,Tattabanda,531025,Bus,17.724975,82.798095,Sri Nagar Street ,Unknown,"Tattabanda, Andhra Pradesh 531025"
Andhra Pradesh,Visakhapatnam,Gopalapatnam,530027,Bus,17.745949,83.222416,SrikanakaMahalaxmi ,Unknown,"Gopalapatnam, Nad Junction, Gopalapatnam, Simhachalam, Visakhapatnam, Andhra Pradesh 530027"
Andhra Pradesh,Visakhapatnam,Auto Nagar,530044,Bus,17.683611,83.18785,Srinagar ,Unknown,"NH16, Sri Nagar, Auto Nagar, Visakhapatnam, Andhra Pradesh 530044"
Andhra Pradesh,Visakhapatnam,Simhachalam,530027,Bus,17.767748,83.2283,Srinivasa Nagar ,Unknown,"Simhachalam Rd, Prahaladapuram, Simhachalam, Visakhapatnam, Andhra Pradesh 530027"
Andhra Pradesh,Visakhapatnam,Daba Garden,530020,Bus,17.715364,83.293921,SRMT,Unknown,"Daba Gardens, Allipuram, Visakhapatnam Port, Andhra Pradesh 530020, India"
Andhra Pradesh,Visakhapatnam,Gnanapuram,530004,Bus,17.718025,82.288788,St. Joseph College,Unknown,"Gnanapuram, Visakhapatnam, Andhra Pradesh 530004, India"
Andhra Pradesh,Visakhapatnam,Steel Plant Twp,530032,Bus,17.655896,83.134023,Steel Plant Twp - CPS,Unknown,"Sector 12, Steel Plant Twp, Visakhapatnam, Andhra Pradesh 530032"
Andhra Pradesh,Visakhapatnam,Steel Plant Twp,530032,Bus,17.660256,83.160453,Steel Plant Twp - DAV Public School,Unknown,"Steel Plant Twp, Visakhapatnam, Andhra Pradesh 530032"
Andhra Pradesh,Visakhapatnam,Steel Plant Twp,530032,Bus,17.659494,83.147487,Steel Plant Twp - Hospital,Unknown,"Steel Plant Twp, Visakhapatnam, Andhra Pradesh 530032"
Andhra Pradesh,Visakhapatnam,Steel Plant Twp,530032,Bus,17.655638,83.140996,Steel Plant Twp - Indhira Gandhi Park ,Unknown,"Sector 12, Steel Plant Twp, Visakhapatnam, Andhra Pradesh 530032"
Andhra Pradesh,Visakhapatnam,Steel Plant Twp,530032,Bus,17.663093,83.16737,Steel Plant Twp - Kanithi Road,Unknown,"Steel Plant Twp, Visakhapatnam, Andhra Pradesh 530032"
Andhra Pradesh,Visakhapatnam,Duvvada,530046,Bus,17.684417,83.167653,Steel Plant Twp - Main Gate,Unknown,"NH16, Kurmannapalem, Visakhapatnam, Andhra Pradesh 530046, India"
Andhra Pradesh,Visakhapatnam,Steel Plant Twp,530032,Bus,17.656565,83.15475,Steel Plant Twp - Market ,Unknown,"Sector 6, Steel Plant Twp, Visakhapatnam, Andhra Pradesh 530032"
Andhra Pradesh,Visakhapatnam,Steel Plant Twp,530032,Bus,17.650707,83.157266,Steel Plant Twp - Sector 1 ,Unknown,"Sector 1, Steel Plant Twp, Visakhapatnam, Andhra Pradesh 530032"
Andhra Pradesh,Visakhapatnam,Steel Plant Twp,530032,Bus,17.652175,83.133416,Steel Plant Twp - Sector 11 ,Unknown,"Sector 11, Sector 9, Steel Plant Twp, Visakhapatnam, Andhra Pradesh 530032"
Andhra Pradesh,Visakhapatnam,Steel Plant Twp,530032,Bus,17.661683,83.134164,Steel Plant Twp - Sector 12,Unknown,"Sector 12, Steel Plant Twp, Visakhapatnam, Andhra Pradesh 530032"
Andhra Pradesh,Visakhapatnam,Steel Plant Twp,530032,Bus,17.653392,83.167236,Steel Plant Twp - Sector 3 ,Unknown,"Sector 3, Steel Plant Twp, Visakhapatnam, Andhra Pradesh 530032"
Andhra Pradesh,Visakhapatnam,Steel Plant Twp,530032,Bus,17.65133,83.152977,Steel Plant Twp - Sector 5 ,Unknown,"Sector 4, Sector 2, Steel Plant Twp, Visakhapatnam, Andhra Pradesh 530032"
Andhra Pradesh,Visakhapatnam,Steel Plant Twp,530032,Bus,17.657904,83.150593,Steel Plant Twp - Sector 6 ,Unknown,"Sector 6, Steel Plant Twp, Visakhapatnam, Andhra Pradesh 530032"
Andhra Pradesh,Visakhapatnam,Steel Plant Twp,530032,Bus,17.652224,83.138861,Steel Plant Twp - Sector 8 ,Unknown,"Sector 8, Steel Plant Twp, Visakhapatnam, Andhra Pradesh 530032"
Andhra Pradesh,Visakhapatnam,Steel Plant Twp,530032,Bus,17.648652,83.134327,Steel Plant Twp - Sector 9 ,Unknown,"Sector 9, Steel Plant Twp, Visakhapatnam, Andhra Pradesh 530032"
Andhra Pradesh,Visakhapatnam,Steel Plant Twp,530032,Bus,17.671753,83.167539,Steel Plant Twp - SriChaitanya Jr. College,Unknown,"Steel Plant Twp, Visakhapatnam, Andhra Pradesh 530032"
Andhra Pradesh,Visakhapatnam,Steel Plant Twp,530032,Bus,17.639934,83.168143,Steel Plant Twp - T & DC ,Unknown,"Balacheruvu Rd (BC Road), Steel Plant Twp, Visakhapatnam, Andhra Pradesh 530032"
Andhra Pradesh,Visakhapatnam,Steel Plant Twp,530032,Bus,17.647139,83.167024,Steel Plant Twp - Ukkunagaram ,Unknown,"Balacheruvu Rd (BC Road), Steel Plant Twp, Visakhapatnam, Andhra Pradesh 530032"
Andhra Pradesh,Visakhapatnam,Pendurthi,530051,Bus,17.798662,83.210698,Sujatha Nagar ,Unknown,"Ratnagiri Nagar, B Zone, Sujatha Nagar, Pendurthi, Visakhapatnam, Andhra Pradesh 530051"
Andhra Pradesh,Visakhapatnam,Pendurthi,531173,Bus,17.790908,83.21274,Sujatha Nagar (Purushotham Bus Stop),Unknown,"Pendurthi-NAD BRTS Express Way, Near Araku Main Road, Sujatha Nagar, Pendurthi, Visakhapatnam, Andhra Pradesh 531173"
Andhra Pradesh,Visakhapatnam,Sundar Nagar,530040,Bus,17.764014,83.329038,Sundar Nagar,Unknown,"Old Dairy Farm, Adarsh Nagar, Sundar Nagar, Visakhapatnam, Andhra Pradesh 530040, India"
Andhra Pradesh,Visakhapatnam,Gajuwaka,530044,Bus,17.675589,83.187225,Sundarayya Colony Bus Terminal,Unknown,"Sri Nagar, Gajuwaka, Visakhapatnam, Andhra Pradesh 530044"
Andhra Pradesh,Visakhapatnam,Bheemili,531163,Bus,17.893069,83.40868,SVLNS Government Stop,Unknown,"Nidigattu Rd, Anandapuram, Bhimili, Visakhapatnam, Andhra Pradesh 531163, India"
Andhra Pradesh,Visakhapatnam,Swatantra Nagar,530048,Bus,17.823143,83.362901,Swatantra Nagar,Unknown,"Swatantra Nagar, Srinivasa Nagar, Madhurawada, Visakhapatnam, Andhra Pradesh 530048, India "
Andhra Pradesh,Visakhapatnam,Thagarapuvalasa,531163,Bus,17.92955,83.424059,Tagarapuvalasa (Near Tata Theatre),Unknown,"NH16, Visakhapatnam, Andhra Pradesh, India"
Andhra Pradesh,Visakhapatnam,Tagarapuvalasa,531163,Bus,17.928566,83.42379,Tagarapuvalasa Highway,Unknown,"NH16, Vishakhapatnam road, Thagarapuvalasa, Andhra Pradesh 531163, India"
Andhra Pradesh,Visakhapatnam,Thagarapuvalasa,531163,Bus,17.932548,83.427644,Tagarapuvalasa RTC Complex,Unknown,"Bus station, opp petrol bunk, Chittivalasa road, Thagarapuvalasa, Andhra Pradesh 531163"
Andhra Pradesh,Visakhapatnam,Valandapeta,531163,Bus,17.916451,83.414725,Tallavalasa,Unknown,"NH16, Valandapeta Village, Andhra Pradesh 531163"
Andhra Pradesh,Visakhapatnam,Bheemunipatnam,531163,Bus,17.893329,83.419419,Tallavalasa NH16 Connecting Road,Unknown,"Bheemunipatnam, Andhra Pradesh 531163, India"
Andhra Pradesh,Visakhapatnam,Gajuwaka,530026,Bus,17.69025,83.224262,Tarakarama ,Unknown,"New Gajuwaka Zoon Road, RTC Depo, ZINC Colony, Gajuwaka, Visakhapatnam, Andhra Pradesh 530026"
Andhra Pradesh,Visakhapatnam,Pedha Gumuluru,531083,Bus,17.431582,82.7447,Temapuram Bus Station,Unknown,"NH16, Pedha Gumuluru, Andhra Pradesh 531083"
Andhra Pradesh,Visakhapatnam,Madhavadhara,530007,Bus,17.747904,83.260999,Tenneti Nagar (48A Bus Stop),Unknown,"Tenneti Nagar, Muralinagar, Madhavadhara, Visakhapatnam, Andhra Pradesh 530007, India"
Andhra Pradesh,Visakhapatnam,Tenneti,530043,Bus,17.748081,83.349298,Tenneti Park (On Request),Unknown,"Beach Rd, Kailasagiri, Visakhapatnam, Andhra Pradesh 530043, India"
Andhra Pradesh,Visakhapatnam,Thatichetlapalem,530008,Bus,17.735608,83.288179,Thatichetlapalem,Unknown,"NH16, Santhi Nagar, Kailasapuram, Visakhapatnam, Andhra Pradesh 530008, India"
Andhra Pradesh,Visakhapatnam,Thatichetlapalem,530016,Bus,17.733765,83.287819,Thatichetlapalem (Towards Railway Station),Unknown,"Boyapalem, Visakhapatnam, Andhra Pradesh 530016, India"
Andhra Pradesh,Visakhapatnam,Anakapalle,531032,Bus,17.716993,82.996424,Thummapala ,Unknown,"Thummapala, Anakapalle, Andhra Pradesh 531032"
Andhra Pradesh,Visakhapatnam,Port Area,530001,Bus,17.702504,83.294605,Town Kotharoad,Unknown,"Raja Rammohan Roy Rd, Mtc palem, Port Area, Visakhapatnam, Andhra Pradesh 530001, India"
Andhra Pradesh,Visakhapatnam,Port Area,530001,Bus,17.702038,83.29645,Town Kotharoad Junction,Unknown,"Town Kotha Road Junction, Port Area, Visakhapatnam, Andhra Pradesh 530001, India"
Andhra Pradesh,Visakhapatnam,Tummikapalli,535183,Bus,17.91017,83.185958,Tummikapalli Gate,Unknown,"Tummikapalli, Andhra Pradesh 535183, India"
Andhra Pradesh,Visakhapatnam,Auto Nagar,530012,Bus,17.704169,83.194037,Tungalam ,Unknown,"Tungalam, Auto Nagar, Gopalapatnam Rural, Andhra Pradesh 530012"
Andhra Pradesh,Visakhapatnam,Tunivalasa,531219,Bus,18.03532,83.346469,Tunivalasa ,Unknown,"Tunivalasa, Andhra Pradesh 531219"
Andhra Pradesh,Visakhapatnam,Daba Garden,530004,Bus,17.72119,83.30329,Two Town (Women's College),Unknown,"Daba Garden Rd, Dwaraka Nagar, Visakhapatnam, Andhra Pradesh 530004, India"
Andhra Pradesh,Visakhapatnam,Araku,531149,Bus,18.214097,83.043648,Tyda ,Unknown,"Araku - Visakhapatnam Rd, Andhra Pradesh 531149"
Andhra Pradesh,Visakhapatnam,Kancharapalem,530007,Bus,17.7377058,83.270697,Urvasi NH ,Unknown,"NH16, Urvasi Theatre Area, Gavara Kanchara Palem, Kancharapalem, Visakhapatnam, Andhra Pradesh 530007"
Andhra Pradesh,Visakhapatnam,Kancharapalem,530008,Bus,17.735206,83.270458,Urvasi Theatre,Unknown,"Bowdra Ring Rd, Urvasi Theatre Area, Gavara Kanchara Palem, Kancharapalem, Visakhapatnam, Andhra Pradesh 530008, India"
Andhra Pradesh,Visakhapatnam,MVP Colony,530017,Bus,17.736884,83.335078,Ushodaya Junction,Unknown,
Andhra Pradesh,Visakhapatnam,Devavaram,531126,Bus,17.377932,82.60245,Vaddimetta ,Unknown,"NH16, Devavaram, Andhra Pradesh 531126"
Andhra Pradesh,Visakhapatnam,Anandapuram,531163,Bus,17.916507,83.41448,Valandapeta ,Unknown,"NH16, Valandapeta Village, Andhra Pradesh 531163"
Andhra Pradesh,Visakhapatnam,Anandapuram,531163,Bus,17.899385,83.389605,Vellanki  ,Unknown,"NH16, Visakhapatnam, Andhra Pradesh 531163"
Andhra Pradesh,Visakhapatnam,Vellanki,531163,Bus,17.888753,83.395161,Vellanki Local Road,Unknown,"Vellanki, Andhra Pradesh 531163, India"
Andhra Pradesh,Visakhapatnam,Vellanki,531163,Bus,17.887936,83.390179,Vellanki NH16 Connecting Road,Unknown,"Vellanki, Andhra Pradesh 531163, India"
Andhra Pradesh,Visakhapatnam,Bheemili,531163,Bus,17.894307,83.388328,Vellanki Village ,Unknown,"Vellanki, Andhra Pradesh 531163"
Andhra Pradesh,Visakhapatnam,Venkannapalem,531023,Bus,17.795022,82.974351,Venkannapalem,Unknown,"Chodavaram - Vaddadi Jn Rd, Andhra Pradesh 531023, India"
Andhra Pradesh,Visakhapatnam,Venkojipalem,530017,Bus,17.747233,83.330892,Venkojipalem,Unknown,"NH16, Venkojipalem, Visakhapatnam, Andhra Pradesh 530017, India"
Andhra Pradesh,Visakhapatnam,Venkojipalem,530017,Bus,17.747233,83.330892,Venkojipalem(Towards HB Colony),Unknown,"NH16, Venkojipalem, Visakhapatnam, Andhra Pradesh 530017, India"
Andhra Pradesh,Visakhapatnam,Yellavaram,531115,Bus,17.583943,82.545389,Vennalapalem ,Unknown,"Tandava Rd, Yellavaram Dondapeta, Andhra Pradesh 531115"
Andhra Pradesh,Visakhapatnam,Vepagunta,530047,Bus,17.781111,83.21526,Vepagunta ,Unknown,"Pendurthi-NAD BRTS Express Way, Santosh Nagar, Vepagunta, Visakhapatnam, Andhra Pradesh 530047"
Andhra Pradesh,Visakhapatnam,Vepagunta,530047,Bus,17.775647,83.216653,Vepagunta (Near BRTS Road),Unknown,"Vepagunta Main Road, A.T.M, Vepagunta, Visakhapatnam, Andhra Pradesh 530047"
Andhra Pradesh,Visakhapatnam,Kakani Nagar,530027,Bus,17.733494,83.225852,Viman Nagar ,Unknown,"NH16, Kakani Nagar, Visakhapatnam, Andhra Pradesh 530027"
Andhra Pradesh,Visakhapatnam,Prahaladapuram,530029,Bus,17.761096,83.222428,Virat Nagar,Unknown,"simhagiri vihar 14-793 F3 datta sai nagar Prahaladapuram, Prahaladapuram, Simhachalam, Prahaladapuram, Simhachalam, Visakhapatnam, Andhra Pradesh 530029, India"
Andhra Pradesh,Visakhapatnam,Pedda Wailtair,530017,Bus,17.73174,83.332331,Visakha Eye Hospital,Unknown,"Karachettu Road, Pedda Waltair, Visakhapatnam, Andhra Pradesh 530017, India"
Andhra Pradesh,Visakhapatnam,Visakhapatnam,530009,Bus,17.732739,83.225067,Visakhapatnam Airport ,Unknown,"NH16, Visakhapatnam Airport, Visakhapatnam, Andhra Pradesh 530009"
Andhra Pradesh,Visakhapatnam,Visalakshi Nagar,530043,Bus,17.757886,83.3346,Visalakshi Nagar,Unknown,"NH16, Visalakshi Nagar, Visakhapatnam, Andhra Pradesh 530043, India"
Andhra Pradesh,Visakhapatnam,Visalakshi Nagar,530043,Bus,17.753682,83.341807,Visalakshi Nagar (Near Police Quarters),Unknown,"Police Quarters Rd, Vishalakshi Nagar, Visakhapatnam, Andhra Pradesh 530043, India"
Andhra Pradesh,Visakhapatnam,Sundarayyapeta,535183,Bus,17.923384,83.149136,Viyyampeta (Government Hospital),Unknown,"Sundarayyapeta, Andhra Pradesh 535183, India"
Andhra Pradesh,Visakhapatnam,Dwaraka Nagar,530004,Bus,17.724063,83.307086,Vizag - RTC Complex,Unknown,"Dwaraka Nagar, Visakhapatnam, Andhra Pradesh 530004"
Andhra Pradesh,Vizianagaram,Vizianagaram,535001,Bus,18.108444,83.398719,Vizianagaram - RTC Complex,Unknown,"Bus Stand Rd, RTC Complex Area, Gadi Khana, Balaji Nagar, Vizianagaram, Andhra Pradesh 535001, India"
Andhra Pradesh,Visakhapatnam,Madhavadhara,530009,Bus,17.750251,83.249794,Vuda Colony ,Unknown,"Vuda Layout, Madhavadhara, Visakhapatnam, Andhra Pradesh 530009"
Andhra Pradesh,Visakhapatnam,Jalari Peta,530017,Bus,17.25225,83.338784,Vuda Park,Unknown,"Beach Rd, Jalari Peta, Visakhapatnam, Andhra Pradesh 530017, India"
Andhra Pradesh,Visakhapatnam,Jalari Peta,530017,Bus,17.722115,83.336142,Vuda Park (The Park Hotel),Unknown,"Beach Rd, Jalari Peta, Visakhapatnam, Andhra Pradesh 530017, India"
Andhra Pradesh,Visakhapatnam,Jalari Peta,530017,Bus,17.72989,83.342369,Waltair Bus Depot,Unknown,"Jalari Peta, Visakhapatnam, Andhra Pradesh 530017"
Andhra Pradesh,Visakhapatnam,Gnanapuram,530004,Bus,17.72207,83.291167,Waltair Railway Station ,Unknown,"Railway Quarters, Mahaarajupeta, Visakhapatnam, Andhra Pradesh 530004, India"
Andhra Pradesh,Visakhapatnam,Gnanapuram,530004,Bus,17.721352,83.29124,Waltair Railway Station (Station Side),Unknown,"Railway Quarters, Mahaarajupeta, Visakhapatnam, Andhra Pradesh 530004, India"
Andhra Pradesh,Visakhapatnam,Woodpeta,531001,Bus,17.689562,83.003015,Woodpeta,Unknown,"Woodpeta, Anakapalle, Andhra Pradesh 531001, India"
Andhra Pradesh,Visakhapatnam,Yallamanchili,531055,Bus,17.547096,82.853807,Yellamanchili ,Unknown,"Yellamanchili, Andhra Pradesh 531055"
Andhra Pradesh,Visakhapatnam,Maharanipeta,530002,Bus,17.710229,83.311165,Zilla Parishad Bus Station,Unknown,"Krishnagar, Krishna Nagar, Maharani Peta, Visakhapatnam, Andhra Pradesh 530002"
Andhra Pradesh,Visakhapatnam,Sagar Nagar,530040,Bus,17.760725,83.355104,Zoo Park (Back Gate),Unknown,"Beach Rd, Indira Gandhi Zoo Park, Sagar Nagar, Visakhapatnam, Andhra Pradesh 530040, India"
Andhra Pradesh,Visakhapatnam,Hanumanthawaka,530043,Bus,17.768944,83.344183,Zoo Park (Front Gate),Unknown,"NH16, Kambalakonda Eco Tourism Park, Visakhapatnam, Andhra Pradesh 530043, India"
